data_hora,temperatura_Celsius,Umidade_relativa
2024-09-01 10:45:00,19.1,90.7
2024-09-01 12:45:00,18.5,91.2
2024-09-01 14:45:00,19.5,88.7
2024-09-01 16:45:00,22.1,80.8
2024-09-01 18:45:00,24.2,75
2024-09-01 20:45:00,26.3,69.7
2024-09-01 22:45:00,26.6,72.8
2024-09-02 00:45:00,23.7,79.2
2024-09-02 02:45:00,21.5,83
2024-09-02 04:45:00,19.9,87.6
2024-09-02 06:45:00,18.7,88.6
2024-09-02 08:45:00,17.5,86.7
2024-09-02 10:45:00,16.1,88.1
2024-09-02 12:45:00,15.6,83.4
2024-09-02 14:45:00,20.2,60.2
2024-09-02 16:45:00,22,53.7
2024-09-02 18:45:00,22.8,52.3
2024-09-02 20:45:00,23.9,49.1
2024-09-02 22:45:00,21.6,70.1
2024-09-03 00:45:00,19.3,76.2
2024-09-03 02:45:00,19,76.9
2024-09-03 04:45:00,18.6,80.4
2024-09-03 06:45:00,18.5,80.9
2024-09-03 08:45:00,18.1,83.7
2024-09-03 10:45:00,17.9,85.6
2024-09-03 12:45:00,18,87
2024-09-03 14:45:00,19.1,84.1
2024-09-03 16:45:00,21.1,73.4
2024-09-03 18:45:00,23.1,71.3
2024-09-03 20:45:00,24.6,68.8
2024-09-03 22:45:00,24.1,76.4
2024-09-04 00:45:00,21.8,83.5
2024-09-04 02:45:00,20.8,85.4
2024-09-04 04:45:00,19.6,88.6
2024-09-04 06:45:00,19.1,90.2
2024-09-04 08:45:00,19.2,90.9
2024-09-04 10:45:00,19.1,91.4
2024-09-04 12:45:00,19.3,90.8
2024-09-04 14:45:00,22.9,76
2024-09-04 16:45:00,23.4,70.2
2024-09-04 18:45:00,24.4,67.4
2024-09-04 20:45:00,23.9,73.5
2024-09-04 22:45:00,22.4,78.9
2024-09-05 00:45:00,21.8,82.5
2024-09-05 02:45:00,21,86.5
2024-09-05 04:45:00,20.7,88
2024-09-05 06:45:00,20.4,89.9
2024-09-05 08:45:00,20,90.8
2024-09-05 10:45:00,19.8,93.8
2024-09-05 12:45:00,19.5,92.6
2024-09-05 14:45:00,19,90.1
2024-09-05 16:45:00,19.1,88.2
2024-09-05 18:45:00,17.9,86.9
2024-09-05 20:45:00,18.3,86.6
2024-09-05 22:45:00,17.9,88.5
2024-09-06 00:45:00,17.6,89.7
2024-09-06 02:45:00,18,88.4
2024-09-06 04:45:00,16.9,89.3
2024-09-06 06:45:00,16.4,90.1
2024-09-06 08:45:00,15.9,90.8
2024-09-06 10:45:00,15.6,89.4
2024-09-06 12:45:00,17.5,84.7
2024-09-06 14:45:00,19,78
2024-09-06 16:45:00,19.9,69.4
2024-09-06 18:45:00,20.3,72
2024-09-06 20:45:00,19.6,76.1
2024-09-06 22:45:00,18.4,84.2
2024-09-07 00:45:00,18.2,86.4
2024-09-07 02:45:00,18,87.9
2024-09-07 04:45:00,18,88.2
2024-09-07 06:45:00,17.5,89.6
2024-09-07 08:45:00,16.6,90.6
2024-09-07 10:45:00,16.2,90.8
2024-09-07 12:45:00,18.7,84.2
2024-09-07 14:45:00,21.1,79.3
2024-09-07 16:45:00,23.3,74.3
2024-09-07 18:45:00,23.9,74.5
2024-09-07 20:45:00,23.4,81
2024-09-07 22:45:00,21.3,88.6
2024-09-08 00:45:00,20.3,90.5
2024-09-08 02:45:00,19.5,91.2
2024-09-08 04:45:00,18.9,91.3
2024-09-08 06:45:00,18.8,92.6
2024-09-08 08:45:00,18.8,93.7
2024-09-08 10:45:00,19.5,92.3
2024-09-08 12:45:00,24.1,79.5
2024-09-08 14:45:00,26,77.1
2024-09-08 16:45:00,28,73.3
2024-09-08 18:45:00,28.9,68.8
2024-09-08 20:45:00,27.2,80.5
2024-09-08 22:45:00,23.6,84.9
2024-09-09 00:45:00,21.5,88.4
2024-09-09 02:45:00,20.4,91.1
2024-09-09 04:45:00,19.9,92.1
2024-09-09 06:45:00,19.8,92.6
2024-09-09 08:45:00,19.5,93.4
2024-09-09 10:45:00,19.6,93.4
2024-09-09 12:45:00,20.4,92.4
2024-09-09 14:45:00,22.7,85.4
2024-09-09 16:45:00,23.3,82.6
2024-09-09 18:45:00,22.9,84.1
2024-09-09 20:45:00,21.9,87.9
2024-09-09 22:45:00,21.9,88.6
2024-09-10 00:45:00,21.7,89.4
2024-09-10 02:45:00,21.3,91.3
2024-09-10 04:45:00,20.9,92.3
2024-09-10 06:45:00,20.8,93
2024-09-10 08:45:00,20.6,93.8
2024-09-10 10:45:00,22,89.7
2024-09-10 12:45:00,25.4,78.5
2024-09-10 14:45:00,26.9,73.6
2024-09-10 16:45:00,28.1,71.7
2024-09-10 18:45:00,28,74.5
2024-09-10 20:45:00,25.6,84.7
2024-09-10 22:45:00,23.9,86
2024-09-11 00:45:00,22.3,88
2024-09-11 02:45:00,21.7,90.6
2024-09-11 04:45:00,21.5,90.6
2024-09-11 06:45:00,21.4,92.3
2024-09-11 08:45:00,21.4,93
2024-09-11 10:45:00,25.1,83.7
2024-09-11 12:45:00,27.6,75.8
2024-09-11 14:45:00,29.8,67.2
2024-09-11 16:45:00,31,61
2024-09-11 18:45:00,30,76.7
2024-09-11 20:45:00,27.3,84.5
2024-09-11 22:45:00,25.3,82.8
2024-09-12 00:45:00,23.9,88.3
2024-09-12 02:45:00,23,89.2
2024-09-12 04:45:00,22.1,89.6
2024-09-12 06:45:00,21.1,90.2
2024-09-12 08:45:00,21.7,87.5
2024-09-12 10:45:00,25.9,76.9
2024-09-12 12:45:00,27.5,69.1
2024-09-12 14:45:00,29,66.4
2024-09-12 16:45:00,27.2,74.5
2024-09-12 18:45:00,24.9,77.7
2024-09-12 20:45:00,24,82.8
2024-09-12 22:45:00,23.5,83.5
2024-09-13 00:45:00,23.1,85.2
2024-09-13 02:45:00,22.7,86.7
2024-09-13 04:45:00,22.2,87.5
2024-09-13 06:45:00,21.8,88.6
2024-09-13 08:45:00,22.6,86.3
2024-09-13 10:45:00,23,85.4
2024-09-13 12:45:00,22.5,88.1
2024-09-13 14:45:00,25.9,78
2024-09-13 16:45:00,26.3,77.4
2024-09-13 18:45:00,24.9,84.9
2024-09-13 20:45:00,23.6,89
2024-09-13 22:45:00,23.3,90
2024-09-14 00:45:00,22.5,88.6
2024-09-14 02:45:00,22.4,92.1
2024-09-14 04:45:00,21.9,93.3
2024-09-14 06:45:00,21.6,93.8
2024-09-14 08:45:00,22.1,92.8
2024-09-14 10:45:00,23.3,90.4
2024-09-14 12:45:00,24.4,89.3
2024-09-14 14:45:00,24.2,91.1
2024-09-14 16:45:00,23.2,88
2024-09-14 18:45:00,22.1,89.1
2024-09-14 20:45:00,21.7,88.1
2024-09-14 22:45:00,20.4,88.7
2024-09-15 00:45:00,18.9,88
2024-09-15 02:45:00,18.2,88.7
2024-09-15 04:45:00,17.7,89.1
2024-09-15 06:45:00,17.1,88.8
2024-09-15 08:45:00,17.3,88.1
2024-09-15 10:45:00,18.2,85.7
2024-09-15 12:45:00,18,87.7
2024-09-15 14:45:00,17.4,87.1
2024-09-15 16:45:00,18.2,87.2
2024-09-15 18:45:00,18,86.8
2024-09-15 20:45:00,19.1,86
2024-09-15 22:45:00,18.4,89
2024-09-16 00:45:00,17.1,87.7
2024-09-16 02:45:00,17.5,87.2
2024-09-16 04:45:00,16.8,89.4
2024-09-16 06:45:00,16.3,91
2024-09-16 08:45:00,16.2,92.2
2024-09-16 10:45:00,16.3,93
2024-09-16 12:45:00,16.6,93
2024-09-16 14:45:00,18.1,90
2024-09-16 16:45:00,20.8,80.9
2024-09-16 18:45:00,21.4,76.8
2024-09-16 20:45:00,21.7,77.7
2024-09-16 22:45:00,21.1,80.4
2024-09-17 00:45:00,19.6,87.4
2024-09-17 02:45:00,19,89.3
2024-09-17 04:45:00,17.9,90.7
2024-09-17 06:45:00,17.5,92.6
2024-09-17 08:45:00,17.1,92.7
2024-09-17 10:45:00,16.3,92.5
2024-09-17 12:45:00,17.7,89.9
2024-09-17 14:45:00,22.4,75
2024-09-17 16:45:00,22.9,63.8
2024-09-17 18:45:00,23.7,59.7
2024-09-17 20:45:00,23.2,65.6
2024-09-17 22:45:00,21,74.7
2024-09-18 00:45:00,19.9,80.6
2024-09-18 02:45:00,19.1,83.8
2024-09-18 04:45:00,18.8,85.2
2024-09-18 06:45:00,17.4,89.5
2024-09-18 08:45:00,16.8,90.3
2024-09-18 10:45:00,16.9,91.3
2024-09-18 12:45:00,17.6,90.6
2024-09-18 14:45:00,22.7,70.7
2024-09-18 16:45:00,22.4,67.9
2024-09-18 18:45:00,21.5,71.3
2024-09-18 20:45:00,21.1,74.1
2024-09-18 22:45:00,20.2,77.8
2024-09-19 00:45:00,19.6,83.7
2024-09-19 02:45:00,19.7,85.6
2024-09-19 04:45:00,19.3,86.8
2024-09-19 06:45:00,18.8,89.2
2024-09-19 08:45:00,18.6,90.5
2024-09-19 10:45:00,18.5,91.4
2024-09-19 12:45:00,20,88.8
2024-09-19 14:45:00,21.2,87.3
2024-09-19 16:45:00,22.9,85
2024-09-19 18:45:00,21.6,89.6
2024-09-19 20:45:00,21,91.9
2024-09-19 22:45:00,20.6,90.6
2024-09-20 00:45:00,20.1,92.2
2024-09-20 02:45:00,20.1,92.5
2024-09-20 04:45:00,19.8,94.5
2024-09-20 06:45:00,19.5,95.2
2024-09-20 08:45:00,19.6,95.1
2024-09-20 10:45:00,19.7,95.3
2024-09-20 12:45:00,20.6,93.5
2024-09-20 14:45:00,21,92.7
2024-09-20 16:45:00,21.5,93.1
2024-09-20 18:45:00,20.8,94.7
2024-09-20 20:45:00,20.4,94.7
2024-09-20 22:45:00,19.8,94.1
2024-09-21 00:45:00,19.2,94.3
2024-09-21 02:45:00,18.8,94.6
2024-09-21 04:45:00,18.5,94.7
2024-09-21 06:45:00,18.2,94.4
2024-09-21 08:45:00,17.7,94.2
2024-09-21 10:45:00,18.6,92.3
2024-09-21 12:45:00,21.9,83
2024-09-21 14:45:00,24.2,75.2
2024-09-21 16:45:00,25.4,67
2024-09-21 18:45:00,25.9,65
2024-09-21 20:45:00,23.9,81.4
2024-09-21 22:45:00,21.6,87.5
2024-09-22 00:45:00,21,87.7
2024-09-22 02:45:00,20.9,89
2024-09-22 04:45:00,20.7,89.9
2024-09-22 06:45:00,20.1,92
2024-09-22 08:45:00,20.1,92.6
2024-09-22 10:45:00,21.8,88.1
2024-09-22 12:45:00,23.6,79.9
2024-09-22 14:45:00,24.9,76.6
2024-09-22 16:45:00,26.2,75.1
2024-09-22 18:45:00,27.1,75.3
2024-09-22 20:45:00,25.2,83.8
2024-09-22 22:45:00,22.7,87.6
2024-09-23 00:45:00,21.8,89.3
2024-09-23 02:45:00,21.9,88.4
2024-09-23 04:45:00,21.4,91.6
2024-09-23 06:45:00,21.2,92.7
2024-09-23 08:45:00,21,93.7
2024-09-23 10:45:00,22,91.7
2024-09-23 12:45:00,24,85.8
2024-09-23 14:45:00,26.3,80
2024-09-23 16:45:00,27.7,79
2024-09-23 18:45:00,26.9,82.8
2024-09-23 20:45:00,23.9,88.7
2024-09-23 22:45:00,22.7,90.6
2024-09-24 00:45:00,21.6,91.8
2024-09-24 02:45:00,21.2,91.3
2024-09-24 04:45:00,21.1,91.7
2024-09-24 06:45:00,21,92
2024-09-24 08:45:00,21.2,92.4
2024-09-24 10:45:00,23,84.6
2024-09-24 12:45:00,25.9,69.4
2024-09-24 14:45:00,27.3,64.7
2024-09-24 16:45:00,27.4,68
2024-09-24 18:45:00,26.2,74.1
2024-09-24 20:45:00,24.2,80.3
2024-09-24 22:45:00,22.9,83.5
2024-09-25 00:45:00,22.1,86
2024-09-25 02:45:00,21.7,87.3
2024-09-25 04:45:00,21.6,88.6
2024-09-25 06:45:00,21.5,90
2024-09-25 08:45:00,21.5,89.7
2024-09-25 10:45:00,23.6,83.2
2024-09-25 12:45:00,26,74.2
2024-09-25 14:45:00,27.4,71.4
2024-09-25 16:45:00,27.9,71.6
2024-09-25 18:45:00,25.9,81
2024-09-25 20:45:00,23.3,84.5
2024-09-25 22:45:00,22.6,87.2
2024-09-26 00:45:00,22.8,87.2
2024-09-26 02:45:00,22.4,88.9
2024-09-26 04:45:00,22.1,90.5
2024-09-26 06:45:00,21.9,90.9
2024-09-26 08:45:00,22.9,89.7
2024-09-26 10:45:00,23.8,84.9
2024-09-26 12:45:00,24.5,82.5
2024-09-26 14:45:00,26.1,77.5
2024-09-26 16:45:00,26,80.2
2024-09-26 18:45:00,24.9,85
2024-09-26 20:45:00,24.1,89.5
2024-09-26 22:45:00,23.6,91.4
2024-09-27 00:45:00,22.8,92.7
2024-09-27 02:45:00,22.4,93.1
2024-09-27 04:45:00,22.3,93.7
2024-09-27 06:45:00,21.9,94.5
2024-09-27 08:45:00,23.5,90.2
2024-09-27 10:45:00,25.4,72.8
2024-09-27 12:45:00,27.8,57.9
2024-09-27 14:45:00,28.2,63.7
2024-09-27 16:45:00,25.6,64.8
2024-09-27 18:45:00,24.3,68.1
2024-09-27 20:45:00,22.4,70
2024-09-27 22:45:00,21.7,75.8
2024-09-28 00:45:00,20.4,80.6
2024-09-28 02:45:00,19.2,84.4
2024-09-28 04:45:00,18.4,85.8
2024-09-28 06:45:00,19.7,82.7
2024-10-12 08:45:00,21.9,94.7
2024-10-12 10:45:00,21.5,94.7
2024-10-12 12:45:00,21.3,95
2024-10-12 14:45:00,20.8,95.4
2024-10-12 16:45:00,22.9,91.5
2024-10-12 18:45:00,27.6,74.2
2024-10-12 20:45:00,28.6,68
2024-10-12 22:45:00,28.2,75.2
2024-10-13 00:45:00,26.1,74.6
2024-10-13 02:45:00,24.4,81.4
2024-10-13 04:45:00,23.4,81.4
2024-10-13 06:45:00,22.5,83.7
2024-10-13 08:45:00,21.6,83.5
2024-10-13 10:45:00,21.2,85.7
2024-10-13 12:45:00,19.4,88.5
2024-10-13 14:45:00,19.2,88
2024-10-13 16:45:00,22.9,74.4
2024-10-13 18:45:00,25.4,64.3
2024-10-13 20:45:00,25.2,60.7
2024-10-13 22:45:00,25.9,58.7
2024-10-14 00:45:00,24.8,66.5
2024-10-14 02:45:00,22.8,73.6
2024-10-14 04:45:00,22,77.2
2024-10-14 06:45:00,21.3,83.7
2024-10-14 08:45:00,20.6,85.6
2024-10-14 10:45:00,19.8,87.3
2024-10-14 12:45:00,19.4,88.5
2024-10-14 14:45:00,19.5,88.4
2024-10-14 16:45:00,25.2,67.8
2024-10-14 18:45:00,24.4,64.8
2024-10-14 20:45:00,25.4,64.6
2024-10-14 22:45:00,24.2,71.4
2024-10-15 00:45:00,22.5,82
2024-10-15 02:45:00,21.3,86.1
2024-10-15 04:45:00,20.9,88.1
2024-10-15 06:45:00,20.8,89.7
2024-10-15 08:45:00,20.6,90.4
2024-10-15 10:45:00,20.2,91
2024-10-15 12:45:00,20,92.4
2024-10-15 14:45:00,20.1,92
2024-10-15 16:45:00,21.5,88.3
2024-10-15 18:45:00,21.8,87.1
2024-10-15 20:45:00,23.5,83.8
2024-10-15 22:45:00,23.2,83.1
2024-10-16 00:45:00,21.8,87.7
2024-10-16 02:45:00,21.1,89.3
2024-10-16 04:45:00,20.8,91
2024-10-16 06:45:00,20.4,92
2024-10-16 08:45:00,19.9,92.9
2024-10-16 10:45:00,19.4,92.9
2024-10-16 12:45:00,19.3,93.2
2024-10-16 14:45:00,20.2,92
2024-10-16 16:45:00,25.9,73.3
2024-10-16 18:45:00,26.8,72
2024-10-16 20:45:00,28.4,63.4
2024-10-16 22:45:00,28.2,67.1
2024-10-17 00:45:00,26.2,69.6
2024-10-17 02:45:00,24.2,76.4
2024-10-17 04:45:00,23.5,79.9
2024-10-17 06:45:00,23.3,80.5
2024-10-17 08:45:00,22.8,82.4
2024-10-17 10:45:00,22.3,85.4
2024-10-17 12:45:00,21.9,86.7
2024-10-17 14:45:00,23.7,81.5
2024-10-17 16:45:00,26.3,70.2
2024-10-17 18:45:00,28.5,61.4
2024-10-17 20:45:00,28.1,60.9
2024-10-17 22:45:00,27.8,71.1
2024-10-18 00:45:00,25.1,77.9
2024-10-18 02:45:00,23.7,80.1
2024-10-18 04:45:00,23.3,79.6
2024-10-18 06:45:00,22.9,80.5
2024-10-18 08:45:00,22.4,82.1
2024-10-18 10:45:00,21.9,84.2
2024-10-18 12:45:00,21.8,85.1
2024-10-18 14:45:00,23.2,81.5
2024-10-18 16:45:00,24.3,81.9
2024-10-18 18:45:00,26.6,67.8
2024-10-18 20:45:00,28.2,63.4
2024-10-18 22:45:00,26.4,74.2
2024-10-19 00:45:00,24.1,80
2024-10-19 02:45:00,22.4,86.7
2024-10-19 04:45:00,21.8,88
2024-10-19 06:45:00,21.4,88.9
2024-10-19 08:45:00,21,89.3
2024-10-19 10:45:00,20.9,87.8
2024-10-19 12:45:00,20.9,88.2
2024-10-19 14:45:00,21.7,87.7
2024-10-19 16:45:00,22.8,83.7
2024-10-19 18:45:00,23.7,77.9
2024-10-19 20:45:00,24.4,74.1
2024-10-19 22:45:00,23.8,80.6
2024-10-20 00:45:00,22,79.9
2024-10-20 02:45:00,21.1,84.4
2024-10-20 04:45:00,20.3,87.2
2024-10-20 06:45:00,20.1,88.1
2024-10-20 08:45:00,19.9,89.3
2024-10-20 10:45:00,19.7,90.5
2024-10-20 12:45:00,20.4,89.3
2024-10-20 14:45:00,23.9,76.1
2024-10-20 16:45:00,25.3,70.8
2024-10-20 18:45:00,26.1,69.2
2024-10-20 20:45:00,26.2,64.4
2024-10-20 22:45:00,24.4,73.4
2024-10-21 00:45:00,23,79.7
2024-10-21 02:45:00,22.7,81.6
2024-10-21 04:45:00,22.4,84
2024-10-21 06:45:00,21.9,86.1
2024-10-21 08:45:00,21.7,87.8
2024-10-21 10:45:00,21.3,90.3
2024-10-21 12:45:00,22.5,89.3
2024-10-21 14:45:00,24.4,88.8
2024-10-21 16:45:00,26.3,81.1
2024-10-21 18:45:00,26.4,79.2
2024-10-21 20:45:00,26.3,79.1
2024-10-21 22:45:00,24.5,86.9
2024-10-22 00:45:00,23.8,87.9
2024-10-22 02:45:00,23.1,92
2024-10-22 04:45:00,22.9,93.3
2024-10-22 06:45:00,23.3,92.2
2024-10-22 08:45:00,23.1,92.8
2024-10-22 10:45:00,23,93.9
2024-10-22 12:45:00,26.6,83.4
2024-10-22 14:45:00,28.1,75.4
2024-10-22 16:45:00,29.4,69.4
2024-10-22 18:45:00,30.4,67.9
2024-10-22 20:45:00,31.3,66.5
2024-10-22 22:45:00,27.9,79.4
2024-10-23 00:45:00,26.4,83.2
2024-10-23 02:45:00,25.9,85.3
2024-10-23 04:45:00,25.4,87.4
2024-10-23 06:45:00,24.4,89.3
2024-10-23 08:45:00,24.3,90.2
2024-10-23 10:45:00,24.3,89.3
2024-10-23 12:45:00,24.2,91.6
2024-10-23 14:45:00,29.1,76.8
2024-10-23 16:45:00,29.8,70.9
2024-10-23 18:45:00,29.7,74.1
2024-10-23 20:45:00,28.3,79.2
2024-10-23 22:45:00,26,83.5
2024-10-24 00:45:00,25.1,85.3
2024-10-24 02:45:00,25.5,84.9
2024-10-24 04:45:00,25.2,86
2024-10-24 06:45:00,24.7,87.8
2024-10-24 08:45:00,24.2,89.4
2024-10-24 10:45:00,28.7,76.5
2024-10-24 12:45:00,31.1,68.5
2024-10-24 14:45:00,31.4,66.4
2024-10-24 16:45:00,32.4,65.1
2024-10-24 18:45:00,30,78.1
2024-10-24 20:45:00,29.5,71.1
2024-10-24 22:45:00,26.2,83.1
2024-10-25 00:45:00,25,85.6
2024-10-25 02:45:00,24.4,86.3
2024-10-25 04:45:00,23.7,87.5
2024-10-25 06:45:00,22.9,89.7
2024-10-25 08:45:00,22.3,90.1
2024-10-25 10:45:00,27.7,76.1
2024-10-25 12:45:00,29.5,58.3
2024-10-25 14:45:00,29.5,51.9
2024-10-25 16:45:00,30.9,42
2024-10-25 18:45:00,31.4,39
2024-10-25 20:45:00,30.2,51.5
2024-10-25 22:45:00,25.9,73
2024-10-26 00:45:00,24.6,78.3
2024-10-26 02:45:00,24.4,80.2
2024-10-26 04:45:00,24,81.5
2024-10-26 06:45:00,23.5,84.8
2024-10-26 08:45:00,23.5,83.4
2024-10-26 10:45:00,29.7,52
2024-10-26 12:45:00,29.9,46.3
2024-10-26 14:45:00,29.8,43.1
2024-10-26 16:45:00,29.5,54.4
2024-10-26 18:45:00,26.4,58.1
2024-10-26 20:45:00,25,60.4
2024-10-26 22:45:00,23.5,61.5
2024-10-27 00:45:00,22.7,61.8
2024-10-27 02:45:00,21.9,66
2024-10-27 04:45:00,21.4,68.3
2024-10-27 06:45:00,21.1,70.3
2024-10-27 08:45:00,21,74.6
2024-10-27 10:45:00,22.5,65.1
2024-10-27 12:45:00,24.8,56
2024-10-27 14:45:00,26.1,53.6
2024-10-27 16:45:00,26.1,53.3
2024-10-27 18:45:00,24,60.8
2024-10-27 20:45:00,22.6,63.1
2024-10-27 22:45:00,22.1,67.2
2024-10-28 00:45:00,21.6,72.1
2024-10-28 02:45:00,20.9,76.8
2024-10-28 04:45:00,20,80
2024-10-28 06:45:00,19.7,82.3
2024-10-28 08:45:00,20.3,82.4
2024-10-28 10:45:00,24.5,68.1
2024-10-28 12:45:00,27.2,59.2
2024-10-28 14:45:00,27.5,58.6
2024-10-28 16:45:00,26.5,66.6
2024-10-28 18:45:00,25.7,70.9
2024-10-28 20:45:00,23.8,80
2024-10-28 22:45:00,23.8,79
2024-10-29 00:45:00,23.4,79.2
2024-10-29 02:45:00,23.2,80
2024-10-29 04:45:00,22.4,83.8
2024-10-29 06:45:00,22.2,85.4
2024-10-29 08:45:00,22.9,83.9
2024-10-29 10:45:00,26.2,72.7
2024-10-29 12:45:00,28.3,62.2
2024-10-29 14:45:00,29.5,61.6
2024-10-29 16:45:00,28.8,64.9
2024-10-29 18:45:00,26.7,73.4
2024-10-29 20:45:00,25,79.4
2024-10-29 22:45:00,24.3,83.4
2024-10-30 00:45:00,24.2,85.1
2024-10-30 02:45:00,23.3,88.1
2024-10-30 04:45:00,23.1,88.2
2024-10-30 06:45:00,22.6,89.8
2024-10-30 08:45:00,28.8,66.8
2024-10-30 10:45:00,30,60
2024-10-30 12:45:00,30.4,55.9
2024-10-30 14:45:00,29.5,61.4
2024-10-30 16:45:00,27.7,68.1
2024-10-30 18:45:00,26.1,73
2024-10-30 20:45:00,23.1,85
2024-10-30 22:45:00,22.8,84.8
2024-10-31 00:45:00,22.4,89.1
2024-10-31 02:45:00,22.2,88.2
2024-10-31 04:45:00,21.8,88.1
2024-10-31 06:45:00,24.5,80.2
2024-10-31 08:45:00,29.2,61
2024-10-31 10:45:00,28.4,52.8
2024-10-31 12:45:00,29.9,49.2
2024-10-31 14:45:00,27.6,50.5
2024-10-31 16:45:00,26.2,62.5
2024-10-31 18:45:00,24.7,69.4
2024-10-31 20:45:00,23.9,77
2024-10-31 22:45:00,23.6,79.6
2024-11-01 00:45:00,22.4,84
2024-11-01 02:45:00,21.9,85.8
2024-11-01 04:45:00,21.1,88.2
2024-11-01 06:45:00,22.7,84.4
2024-11-01 08:45:00,22.2,85.6
2024-11-01 10:45:00,21.8,87.7
2024-11-01 12:45:00,21.1,88.6
2024-11-01 14:45:00,24,80.9
2024-11-01 16:45:00,26,69.8
2024-11-01 18:45:00,27.5,66.8
2024-11-01 20:45:00,27.9,64.6
2024-11-01 22:45:00,27.5,65.6
2024-11-02 00:45:00,25.9,72.5
2024-11-02 02:45:00,24.6,81.3
2024-11-02 04:45:00,24.7,83.3
2024-11-02 06:45:00,23.8,87.4
2024-11-02 08:45:00,23.5,89.5
2024-11-02 10:45:00,23.1,91.8
2024-11-02 12:45:00,23.2,90.8
2024-11-02 14:45:00,25.2,85.4
2024-11-02 16:45:00,26.3,78.9
2024-11-02 18:45:00,25.8,84.9
2024-11-02 20:45:00,25.5,84.9
2024-11-02 22:45:00,25.2,87.5
2024-11-03 00:45:00,24.2,90.5
2024-11-03 02:45:00,24,91.7
2024-11-03 04:45:00,23.6,92.3
2024-11-03 06:45:00,23.1,93.5
2024-11-03 08:45:00,23,94
2024-11-03 10:45:00,23,95.1
2024-11-03 12:45:00,23.3,94.9
2024-11-03 14:45:00,23.8,94.4
2024-11-03 16:45:00,24.6,90.1
2024-11-03 18:45:00,25.1,88
2024-11-03 20:45:00,25.1,89.5
2024-11-03 22:45:00,23.3,88.2
2024-11-04 00:45:00,21.8,90.2
2024-11-04 02:45:00,21.9,91.6
2024-11-04 04:45:00,21.9,92.6
2024-11-04 06:45:00,22,93.8
2024-11-04 08:45:00,21.7,94.6
2024-11-04 10:45:00,21.6,95.1
2024-11-04 12:45:00,22.2,95.2
2024-11-04 14:45:00,23.1,95.2
2024-11-04 16:45:00,24.1,93.8
2024-11-04 18:45:00,24.4,93.2
2024-11-04 20:45:00,24.6,93.7
2024-11-04 22:45:00,24,94.7
2024-11-05 00:45:00,23.8,95
2024-11-05 02:45:00,23.5,95
2024-11-05 04:45:00,23.2,95.5
2024-11-05 06:45:00,23,95.8
2024-11-05 08:45:00,23,95.9
2024-11-05 10:45:00,22.9,95.6
2024-11-05 12:45:00,23.4,95.2
2024-11-05 14:45:00,25.4,90.9
2024-11-05 16:45:00,27.1,86.3
2024-11-05 18:45:00,27.9,85.5
2024-11-05 20:45:00,28.3,78.5
2024-11-05 22:45:00,27,82.2
2024-11-06 00:45:00,25.3,87.9
2024-11-06 02:45:00,24.6,91.1
2024-11-06 04:45:00,24.1,92.5
2024-11-06 06:45:00,23.8,92.6
2024-11-06 08:45:00,23.3,94.3
2024-11-06 10:45:00,23.2,94.3
2024-11-06 12:45:00,25.5,86.8
2024-11-06 14:45:00,26.8,84
2024-11-06 16:45:00,26.9,85.3
2024-11-06 18:45:00,27.8,81.6
2024-11-06 20:45:00,26.6,83.8
2024-11-06 22:45:00,25.6,85.9
2024-11-07 00:45:00,24.8,90.4
2024-11-07 02:45:00,24.3,92
2024-11-07 04:45:00,24.7,91.6
2024-11-07 06:45:00,24.3,92.7
2024-11-07 08:45:00,23.9,93.5
2024-11-07 10:45:00,23.9,93.4
2024-11-07 12:45:00,23.6,94.1
2024-11-07 14:45:00,23.9,93.9
2024-11-07 16:45:00,24.8,91.8
2024-11-07 18:45:00,27.1,82.4
2024-11-07 20:45:00,27.6,80.8
2024-11-07 22:45:00,25.7,88.9
2024-11-08 00:45:00,24.6,90.7
2024-11-08 02:45:00,24.5,91.6
2024-11-08 04:45:00,24.3,92.7
2024-11-08 06:45:00,24,94.1
2024-11-08 08:45:00,23.6,94.5
2024-11-08 10:45:00,24.4,90.6
2024-11-08 12:45:00,30.2,61.6
2024-11-08 14:45:00,30.6,61.1
2024-11-08 16:45:00,30.5,59.6
2024-11-08 18:45:00,30.3,57.6
2024-11-08 20:45:00,28.9,59.3
2024-11-08 22:45:00,26.5,62.4
2024-11-09 00:45:00,25.3,65.8
2024-11-09 02:45:00,24.2,70.5
2024-11-09 04:45:00,23.1,75.7
2024-11-09 06:45:00,21.6,81
2024-11-09 08:45:00,20.4,83.2
2024-11-09 10:45:00,22.4,76.4
2024-11-09 12:45:00,23.5,69.8
2024-11-09 14:45:00,26.1,57.7
2024-11-09 16:45:00,27.4,53.5
2024-11-09 18:45:00,26.4,54.6
2024-11-09 20:45:00,24.8,67
2024-11-09 22:45:00,23.3,69
2024-11-10 00:45:00,22.5,69
2024-11-10 02:45:00,21.9,76.2
2024-11-10 04:45:00,21.3,80.4
2024-11-10 06:45:00,20.9,82.2
2024-11-10 08:45:00,20.4,83.1
2024-11-10 10:45:00,23.9,70.4
2024-11-10 12:45:00,27.7,56.8
2024-11-10 14:45:00,27.6,57.7
2024-11-10 16:45:00,28.9,56.8
2024-11-10 18:45:00,27.4,62.5
2024-11-10 20:45:00,25.1,70.3
2024-11-10 22:45:00,23.9,76
2024-11-11 00:45:00,23.6,78.1
2024-11-11 02:45:00,23.3,81.2
2024-11-11 04:45:00,22.9,83.4
2024-11-11 06:45:00,22.6,85.4
2024-11-11 08:45:00,22.7,86.5
2024-11-11 10:45:00,24.6,76.4
2024-11-11 12:45:00,28.5,62.4
2024-11-11 14:45:00,28.5,64.9
2024-11-11 16:45:00,30,63
2024-11-11 18:45:00,29.9,66.5
2024-11-11 20:45:00,27.5,70.7
2024-11-11 22:45:00,25.5,76.1
2024-11-12 00:45:00,25,78.1
2024-11-12 02:45:00,24.2,79.7
2024-11-12 04:45:00,23.4,83.5
2024-11-12 06:45:00,23,88.5
2024-11-12 08:45:00,23.9,87
2024-11-12 10:45:00,24.7,84.2
2024-11-12 12:45:00,25.1,78.3
2024-11-12 14:45:00,24.5,79.1
2024-11-12 16:45:00,24.3,79.6
2024-11-12 18:45:00,23.5,80.4
2024-11-12 20:45:00,21.8,84
2024-11-12 22:45:00,21.1,85.7
2024-11-13 00:45:00,20.9,81.5
2024-11-13 02:45:00,19.8,82
2024-11-13 04:45:00,18.8,85.5
2024-11-13 06:45:00,17.9,87.2
2024-11-13 08:45:00,25.9,64.1
2024-11-13 10:45:00,26.9,51.6
2024-11-13 12:45:00,26.6,50.7
2024-11-13 14:45:00,27.1,42.4
2024-11-13 16:45:00,25.4,55.7
2024-11-13 18:45:00,24.1,55.5
2024-11-13 20:45:00,22.8,56.5
2024-11-13 22:45:00,21.9,61.8
2024-11-14 00:45:00,21,67.7
2024-11-14 02:45:00,20,75.4
2024-11-14 04:45:00,19.6,76.2
2024-11-14 06:45:00,19.4,78.9
2024-11-14 08:45:00,22.8,69.8
2024-11-14 10:45:00,26.3,54.8
2024-11-14 12:45:00,26.5,54.4
2024-11-14 14:45:00,27.6,53.8
2024-11-14 16:45:00,26,61.6
2024-11-14 18:45:00,24.9,64.2
2024-11-14 20:45:00,23.3,70.4
2024-11-14 22:45:00,22.1,76.2
2024-11-15 00:45:00,20.7,81.8
2024-11-15 02:45:00,20.4,82.9
2024-11-15 04:45:00,19.7,85.2
2024-11-15 06:45:00,22.9,76.5
2024-11-15 08:45:00,30,55.3
2024-11-15 10:45:00,27.2,58.1
2024-11-15 12:45:00,27.3,59.4
2024-11-15 14:45:00,27.4,60.2
2024-11-15 16:45:00,26.6,61.3
2024-11-15 18:45:00,23.9,78.9
2024-11-15 20:45:00,23.2,84.9
2024-11-15 22:45:00,23.4,85.1
2024-11-16 00:45:00,23,88.6
2024-11-16 02:45:00,22.4,91.4
2024-11-16 04:45:00,22.4,92.3
2024-11-16 06:45:00,22.5,92.9
2024-11-16 08:45:00,24.3,89.5
2024-11-16 10:45:00,25.6,87.2
2024-11-16 12:45:00,27,80.5
2024-11-25 14:45:00,19.6,88.9
2024-11-25 16:45:00,25.6,73.5
2024-11-25 18:45:00,25.1,76.4
2024-11-25 20:45:00,27.8,64.8
2024-11-25 22:45:00,27.9,65.8
2024-11-26 00:45:00,27,69.6
2024-11-26 02:45:00,25.7,74.8
2024-11-26 04:45:00,23.9,80.7
2024-11-26 06:45:00,23.8,82.6
2024-11-26 08:45:00,23.2,84.9
2024-11-26 10:45:00,22.8,86.9
2024-11-26 12:45:00,22.6,88.1
2024-11-26 14:45:00,22.3,89.6
2024-11-26 16:45:00,23.8,86.1
2024-11-26 18:45:00,28,67.7
2024-11-26 20:45:00,29.6,62.7
2024-11-26 22:45:00,31.3,59.6
2024-11-27 00:45:00,30.2,69.8
2024-11-27 02:45:00,27.5,77.9
2024-11-27 04:45:00,25.6,83.4
2024-11-27 06:45:00,24.8,85.2
2024-11-27 08:45:00,24.5,86.6
2024-11-27 10:45:00,24.4,87.8
2024-11-27 12:45:00,24.1,89
2024-11-27 14:45:00,24.7,88
2024-11-27 16:45:00,31.5,66.7
2024-11-27 18:45:00,31.9,64
2024-11-27 20:45:00,33.7,60.7
2024-11-27 22:45:00,34,63.1
2024-11-28 00:45:00,32.2,68.6
2024-11-28 02:45:00,30.2,78
2024-11-28 04:45:00,29,81.3
2024-11-28 06:45:00,27.6,85.1
2024-11-28 08:45:00,26.9,87.5
2024-11-28 10:45:00,26.3,87.9
2024-11-28 12:45:00,25.9,84.7
2024-11-28 14:45:00,24.7,90.1
2024-11-28 16:45:00,24.6,90.5
2024-11-28 18:45:00,26.1,87.1
2024-11-28 20:45:00,25.8,89.2
2024-11-28 22:45:00,27.5,86.3
2024-11-29 00:45:00,28,86
2024-11-29 02:45:00,26.4,89.2
2024-11-29 04:45:00,26.7,87.3
2024-11-29 06:45:00,26,86.8
2024-11-29 08:45:00,25.4,87.9
2024-11-29 10:45:00,24.9,89.3
2024-11-29 12:45:00,24.3,91.3
2024-11-29 14:45:00,24.9,89.7
2024-11-29 16:45:00,27.2,79.8
2024-11-29 18:45:00,29.4,71.7
2024-11-29 20:45:00,29.6,71.6
2024-11-29 22:45:00,29.2,74.9
2024-11-30 00:45:00,27.7,78
2024-11-30 02:45:00,25.9,83.2
2024-11-30 04:45:00,25.9,83.1
2024-11-30 06:45:00,25.5,84.4
2024-11-30 08:45:00,25,87.6
2024-11-30 10:45:00,24.4,90.2
2024-11-30 12:45:00,24.2,91
2024-11-30 14:45:00,25.3,87.4
2024-11-30 16:45:00,31.7,66.2
2024-11-30 18:45:00,32.2,63.6
2024-11-30 20:45:00,30.2,71.4
2024-11-30 22:45:00,27.6,77.9
2024-12-01 00:45:00,26.5,79.1
2024-12-01 02:45:00,25.4,82.4
2024-12-01 04:45:00,24.7,83.8
2024-12-01 06:45:00,24.4,86.1
2024-12-01 08:45:00,23.9,85.2
2024-12-01 10:45:00,23.6,86.8
2024-12-01 12:45:00,23.5,88.4
2024-12-01 14:45:00,24.4,85.9
2024-12-01 16:45:00,26.1,79.9
2024-12-01 18:45:00,27.4,75.4
2024-12-01 20:45:00,30.4,66.7
2024-12-01 22:45:00,28.1,76
2024-12-02 00:45:00,26.4,82
2024-12-02 02:45:00,26.3,85.4
2024-12-02 04:45:00,26,86.5
2024-12-02 06:45:00,25,89.3
2024-12-02 08:45:00,24.7,91
2024-12-02 10:45:00,24.5,91.8
2024-12-02 12:45:00,25.9,85.7
2024-12-02 14:45:00,30.9,64.5
2024-12-02 16:45:00,31.2,62.6
2024-12-02 18:45:00,31.3,61.5
2024-12-02 20:45:00,31,68.7
2024-12-02 22:45:00,30.4,65.1
2024-12-03 00:45:00,27.4,77.7
2024-12-03 02:45:00,24.9,81
2024-12-03 04:45:00,24.5,80.6
2024-12-03 06:45:00,24.2,77.4
2024-12-03 08:45:00,23.4,81.4
2024-12-03 10:45:00,22.8,80.6
2024-12-03 12:45:00,22.8,82.3
2024-12-03 14:45:00,24.2,76.6
2024-12-03 16:45:00,24.5,77.1
2024-12-03 18:45:00,25.4,75.5
2024-12-03 20:45:00,26.2,72.1
2024-12-03 22:45:00,25.2,76
2024-12-04 00:45:00,23.8,79.6
2024-12-04 02:45:00,22.9,78.7
2024-12-04 04:45:00,22.7,78.2
2024-12-04 06:45:00,22,79
2024-12-04 08:45:00,21.8,81.4
2024-12-04 10:45:00,21.4,83.8
2024-12-04 12:45:00,22,81.1
2024-12-04 14:45:00,22.6,73.5
2024-12-04 16:45:00,22.9,71.6
2024-12-04 18:45:00,23.1,71
2024-12-04 20:45:00,22.9,72.9
2024-12-04 22:45:00,22.6,80.5
2024-12-05 00:45:00,22.1,83.2
2024-12-05 02:45:00,21.4,86.6
2024-12-05 04:45:00,21.5,86.4
2024-12-05 06:45:00,21.4,86.2
2024-12-05 08:45:00,20.7,89.2
2024-12-05 10:45:00,20.7,90.1
2024-12-05 12:45:00,22.9,83.6
2024-12-05 14:45:00,28.4,60.7
2024-12-05 16:45:00,29.3,61.7
2024-12-05 18:45:00,28.5,66.9
2024-12-05 20:45:00,26.5,75.4
2024-12-05 22:45:00,25.4,78.7
2024-12-06 00:45:00,24.6,82.7
2024-12-06 02:45:00,24.4,84.6
2024-12-06 04:45:00,24,85.4
2024-12-06 06:45:00,23.5,89
2024-12-06 08:45:00,23.2,91.1
2024-12-06 10:45:00,23.5,89.9
2024-12-06 12:45:00,26.4,79.4
2024-12-06 14:45:00,30.3,66.9
2024-12-06 16:45:00,31.7,64.3
2024-12-06 18:45:00,30.8,69.9
2024-12-06 20:45:00,30.6,75.8
2024-12-06 22:45:00,30.4,77.3
2024-12-07 00:45:00,28.4,83.7
2024-12-07 02:45:00,27.9,88.3
2024-12-07 04:45:00,26.8,90.8
2024-12-07 06:45:00,25.9,91.4
2024-12-07 08:45:00,25.6,91.4
2024-12-07 10:45:00,25.5,92.2
2024-12-07 12:45:00,24.9,91.9
2024-12-07 14:45:00,25.3,88.4
2024-12-07 16:45:00,25.8,86.8
2024-12-07 18:45:00,27.2,84.2
2024-12-07 20:45:00,25.2,87.5
2024-12-07 22:45:00,26.8,83.6
2024-12-08 00:45:00,24.8,86.7
2024-12-08 02:45:00,24,87.8
2024-12-08 04:45:00,22.9,89.6
2024-12-08 06:45:00,22.5,90.8
2024-12-08 08:45:00,23.1,89.7
2024-12-08 10:45:00,22.9,90.6
2024-12-08 12:45:00,24.6,84.2
2024-12-08 14:45:00,24.1,84.6
2024-12-08 16:45:00,23.4,84.4
2024-12-08 18:45:00,23.1,84.9
2024-12-08 20:45:00,23.9,78.8
2024-12-08 22:45:00,21.9,84.8
2024-12-09 00:45:00,21.8,83.8
2024-12-09 02:45:00,20.5,88.6
2024-12-09 04:45:00,20.1,90
2024-12-09 06:45:00,19.9,91.2
2024-12-09 08:45:00,19.6,91.3
2024-12-09 10:45:00,20.8,90.2
2024-12-09 12:45:00,21.4,86.8
2024-12-09 14:45:00,22.5,83.6
2024-12-09 16:45:00,22.2,85.2
2024-12-09 18:45:00,21.7,87
2024-12-09 20:45:00,20.4,91.3
2024-12-09 22:45:00,20.4,90.9
2024-12-10 00:45:00,20.7,90.3
2024-12-10 02:45:00,20.2,91.3
2024-12-10 04:45:00,19.9,92.3
2024-12-10 06:45:00,19.7,93.3
2024-12-10 08:45:00,20.1,92.8
2024-12-10 10:45:00,21.1,91.8
2024-12-10 12:45:00,26.8,76.4
2024-12-10 14:45:00,27.9,71.6
2024-12-10 16:45:00,28,74.1
2024-12-10 18:45:00,25.5,82.4
2024-12-10 20:45:00,24.5,85.6
2024-12-10 22:45:00,22.6,86.1
2024-12-11 00:45:00,22.4,86.8
2024-12-11 02:45:00,21.3,89.1
2024-12-11 04:45:00,20.5,89.6
2024-12-11 06:45:00,19.9,90.5
2024-12-11 08:45:00,21.2,88.6
2024-12-11 10:45:00,27.9,67.6
2024-12-11 12:45:00,27.3,65.4
2024-12-11 14:45:00,26.6,69.9
2024-12-11 16:45:00,26.7,70.5
2024-12-11 18:45:00,25.2,73.4
2024-12-11 20:45:00,23.9,76.3
2024-12-11 22:45:00,23.6,80.4
2024-12-12 00:45:00,22.8,85.5
2024-12-12 02:45:00,22.4,86.7
2024-12-12 04:45:00,21.7,87.5
2024-12-12 06:45:00,21.4,89
2024-12-12 08:45:00,26.4,73.8
2024-12-12 10:45:00,31.2,54.3
2024-12-12 12:45:00,29.7,55.8
2024-12-12 14:45:00,29.8,56.3
2024-12-12 16:45:00,29.2,63.2
2024-12-12 18:45:00,27.3,67.5
2024-12-12 20:45:00,25.1,72.7
2024-12-12 22:45:00,24.3,78.7
2024-12-13 00:45:00,23,83.6
2024-12-13 02:45:00,22.3,85.7
2024-12-13 04:45:00,21.4,88.2
2024-12-13 06:45:00,21.6,88.4
2024-12-13 08:45:00,29.4,66.7
2024-12-13 10:45:00,31.3,59.2
2024-12-13 12:45:00,29.7,61
2024-12-13 14:45:00,29.2,63.6
2024-12-13 16:45:00,28.8,63.5
2024-12-13 18:45:00,26.6,72.9
2024-12-13 20:45:00,25.3,79
2024-12-13 22:45:00,24.9,83.2
2024-12-14 00:45:00,24.8,85.5
2024-12-14 02:45:00,24.2,89
2024-12-14 04:45:00,23.6,91
2024-12-14 06:45:00,23.1,93
2024-12-14 08:45:00,23.4,91.3
2024-12-14 10:45:00,23.4,88.9
2024-12-14 12:45:00,26.6,78.1
2024-12-14 14:45:00,27.4,77.3
2024-12-14 16:45:00,28.6,74.3
2024-12-14 18:45:00,30,75.7
2024-12-14 20:45:00,26.6,87.1
2024-12-14 22:45:00,25.6,88.1
2024-12-15 00:45:00,25,89.5
2024-12-15 02:45:00,24.1,90.7
2024-12-15 04:45:00,23.1,89.1
2024-12-15 06:45:00,30.8,65.5
2024-12-15 08:45:00,33.5,51.3
2024-12-15 10:45:00,33.5,47.2
2024-12-15 12:45:00,33.7,43.2
2024-12-15 14:45:00,34.4,36.7
2024-12-15 16:45:00,34.7,34.9
2024-12-15 18:45:00,31.4,46
2024-12-15 20:45:00,28.4,61
2024-12-15 22:45:00,26.6,67.4
2024-12-16 00:45:00,24.7,73.3
2024-12-16 02:45:00,23.8,68
2024-12-16 04:45:00,23.7,61.3
2024-12-16 06:45:00,30.2,46.7
2024-12-16 08:45:00,28.8,49.2
2024-12-16 10:45:00,23.9,73.4
2024-12-16 12:45:00,23.9,61.2
2024-12-16 14:45:00,26.5,56.3
2024-12-16 16:45:00,29.1,48.2
2024-12-16 18:45:00,28.5,50
2024-12-16 20:45:00,29.5,50.2
2024-12-16 22:45:00,30,48.3
2024-12-17 00:45:00,31,46.5
2024-12-17 02:45:00,29.6,53.7
2024-12-17 04:45:00,26.9,70.5
2024-12-17 06:45:00,25.6,77.1
2024-12-17 08:45:00,24,80.6
2024-12-17 10:45:00,22.6,81.5
2024-12-17 12:45:00,21.9,83.5
2024-12-17 14:45:00,29.9,60.4
2024-12-17 16:45:00,31.2,53.7
2024-12-17 18:45:00,30.5,48.5
2024-12-17 20:45:00,32.9,45
2024-12-17 22:45:00,29.7,55.9
2024-12-18 00:45:00,28.5,60.7
2024-12-18 02:45:00,25.9,67.7
2024-12-18 04:45:00,25.6,69.8
2024-12-18 06:45:00,24.9,75.3
2024-12-18 08:45:00,23.9,78.8
2024-12-18 10:45:00,23.2,82.7
2024-12-18 12:45:00,22.4,82.9
2024-12-18 14:45:00,24.6,76.2
2024-12-18 16:45:00,28.6,60.6
2024-12-18 18:45:00,29.3,59.8
2024-12-18 20:45:00,28.6,63.5
2024-12-18 22:45:00,28.7,62.6
2024-12-19 00:45:00,27.5,68.8
2024-12-19 02:45:00,25.5,73
2024-12-19 04:45:00,25.6,74.7
2024-12-19 06:45:00,24.5,80.1
2024-12-19 08:45:00,23.9,82.5
2024-12-19 10:45:00,23.6,84.7
2024-12-19 12:45:00,23.3,85.5
2024-12-19 14:45:00,25.5,75.5
2024-12-19 16:45:00,31.1,55.9
2024-12-19 18:45:00,30.5,54.8
2024-12-19 20:45:00,30.8,58.7
2024-12-19 22:45:00,29.9,65.7
2024-12-20 00:45:00,28,72.9
2024-12-20 02:45:00,26.2,80
2024-12-20 04:45:00,26.8,81.1
2024-12-20 06:45:00,25.3,86.2
2024-12-20 08:45:00,24.9,87.7
2024-12-20 10:45:00,24.4,91.1
2024-12-20 12:45:00,24.2,91
2024-12-20 14:45:00,28.3,77.5
2024-12-20 16:45:00,30.2,69.7
2024-12-20 18:45:00,33.6,60.8
2024-12-20 20:45:00,32,67.7
2024-12-20 22:45:00,32.9,61.4
2024-12-21 00:45:00,29.7,74.2
2024-12-21 02:45:00,27.6,82.6
2024-12-21 04:45:00,27.5,79.3
2024-12-21 06:45:00,26.2,84
2024-12-21 08:45:00,25.4,84.8
2024-12-21 10:45:00,24.8,85.4
2024-12-21 12:45:00,32.3,63.6
2024-12-21 14:45:00,31.9,65.3
2024-12-21 16:45:00,33.9,52.3
2024-12-21 18:45:00,33.2,56.5
2024-12-21 20:45:00,32.7,55.5
2024-12-21 22:45:00,29.9,64.9
2024-12-22 00:45:00,29.5,67.7
2024-12-22 02:45:00,26.7,74.9
2024-12-22 04:45:00,26.3,78.6
2024-12-22 06:45:00,25.4,82.8
2024-12-22 08:45:00,26.1,80.8
2024-12-22 10:45:00,25,85.2
2024-12-22 12:45:00,25.1,85.9
2024-12-22 14:45:00,26.8,82.1
2024-12-22 16:45:00,31.3,64.1
2024-12-22 18:45:00,27.8,71.4
2024-12-22 20:45:00,24,77.2
2024-12-22 22:45:00,25,77
2024-12-23 00:45:00,25.3,70.7
2024-12-23 02:45:00,24.2,73.9
2024-12-23 04:45:00,23.4,79.4
2024-12-23 06:45:00,22.6,82.6
2024-12-23 08:45:00,22,84.6
2024-12-23 10:45:00,21.4,85.9
2024-12-23 12:45:00,23.2,81.8
2024-12-23 14:45:00,24.4,74.1
2024-12-23 16:45:00,25.4,70
2024-12-23 18:45:00,25.5,69.2
2024-12-23 20:45:00,25.1,70.7
2024-12-23 22:45:00,23.4,76.9
2024-12-24 00:45:00,22.5,78.9
2024-12-24 02:45:00,23.3,79.8
2024-12-24 04:45:00,22.3,81.9
2024-12-24 06:45:00,21.4,87
2024-12-24 08:45:00,21.3,88.1
2024-12-24 10:45:00,21.3,89.9
2024-12-24 12:45:00,22.6,87.3
2024-12-24 14:45:00,25,79.9
2024-12-24 16:45:00,25.9,79.6
2024-12-24 18:45:00,26.7,77.1
2024-12-24 20:45:00,26.4,79.1
2024-12-24 22:45:00,24.9,83.3
2024-12-25 00:45:00,24.1,86.9
2024-12-25 02:45:00,23.8,87.7
2024-12-25 04:45:00,23.4,89.5
2024-12-25 06:45:00,24,86.4
2024-12-25 08:45:00,23.5,89.6
2024-12-25 10:45:00,23.1,91.5
2024-12-25 12:45:00,29.4,69.5
2024-12-25 14:45:00,30.3,65.1
2024-12-25 16:45:00,30.5,66.3
2024-12-25 18:45:00,30.2,70.2
2024-12-25 20:45:00,29,77.3
2024-12-25 22:45:00,26.9,84.8
2024-12-26 00:45:00,25.4,87.9
2024-12-26 02:45:00,24,87.9
2024-12-26 04:45:00,23.3,89.1
2024-12-26 06:45:00,22.5,88.8
2024-12-26 08:45:00,22.2,89.3
2024-12-26 10:45:00,22.5,89
2024-12-26 12:45:00,23.7,84.7
2024-12-26 14:45:00,24.6,80.6
2024-12-26 16:45:00,25.7,77.1
2024-12-26 18:45:00,26.9,70.4
2024-12-26 20:45:00,26.6,71.5
2024-12-26 22:45:00,24.9,81
2024-12-27 00:45:00,23.7,83.2
2024-12-27 02:45:00,23.2,84.6
2024-12-27 04:45:00,22.8,87.7
2024-12-27 06:45:00,22.7,88.5
2024-12-27 08:45:00,22.4,89.8
2024-12-27 10:45:00,30.7,62.7
2024-12-27 12:45:00,31,61.2
2024-12-27 14:45:00,31.3,59.1
2024-12-27 16:45:00,30.7,59.5
2024-12-27 18:45:00,31.4,58.4
2024-12-27 20:45:00,29.5,71.8
2024-12-27 22:45:00,26.7,79.6
2024-12-28 00:45:00,25.9,83
2024-12-28 02:45:00,25.4,84.6
2024-12-28 04:45:00,25,87.7
2024-12-28 06:45:00,23.9,90.5
2024-12-28 08:45:00,23.9,90.3
2024-12-28 10:45:00,25.2,87.2
2024-12-28 12:45:00,27.7,72.1
2024-12-28 14:45:00,29.1,70.4
2024-12-28 16:45:00,30.4,67.3
2024-12-28 18:45:00,30,72.7
2024-12-28 20:45:00,27.7,76.3
2024-12-28 22:45:00,26,78.9
2024-12-29 00:45:00,25.5,80
2024-12-29 02:45:00,25,79.2
2024-12-29 04:45:00,24.4,82.8
2024-12-29 06:45:00,23.8,85.5
2024-12-29 08:45:00,24.8,84.5
2024-12-29 10:45:00,31.6,59.9
2024-12-29 12:45:00,31.3,56.6
2024-12-29 14:45:00,31.4,55.9
2024-12-29 16:45:00,30.7,61.5
2024-12-29 18:45:00,29.3,64
2024-12-29 20:45:00,26.8,71.6
2024-12-29 22:45:00,25.5,74.4
2024-12-30 00:45:00,24.9,78.2
2024-12-30 02:45:00,24.5,78.5
2024-12-30 04:45:00,24,80.1
2024-12-30 06:45:00,22.8,87.1
2024-12-30 08:45:00,23.1,87.8
2024-12-30 10:45:00,31.9,60.1
2024-12-30 12:45:00,31.2,57.6
2024-12-30 14:45:00,30.9,56.1
2024-12-30 16:45:00,29.1,67.5
2024-12-30 18:45:00,27.9,70.5
2024-12-30 20:45:00,26.3,77.1
2024-12-30 22:45:00,25.5,80.5
2024-12-31 00:45:00,24.9,83.4
2024-12-31 02:45:00,24.3,85.4
2024-12-31 04:45:00,23.3,89.3
2024-12-31 06:45:00,23.2,89.8
2024-12-31 08:45:00,26.8,79.9
2024-12-31 10:45:00,30.4,68.2
2024-12-31 12:45:00,30.9,62.9
2024-12-31 14:45:00,30.8,65.1
2024-12-31 16:45:00,30.4,69
2024-12-31 18:45:00,28.4,72.6
2024-12-31 20:45:00,26.8,77.9
2024-12-31 22:45:00,26.2,81.8
2025-01-01 00:45:00,25.6,86
2025-01-01 02:45:00,25.2,88.1
2025-01-01 04:45:00,24.4,87.6
2025-01-01 06:45:00,24.3,90
2025-01-01 08:45:00,26.2,85.3
2025-01-01 10:45:00,31.7,63.5
2025-01-01 12:45:00,31.4,63.3
2025-01-01 14:45:00,31.6,62.8
2025-01-01 16:45:00,31.5,69.2
2025-01-01 18:45:00,28.3,76.2
2025-01-01 20:45:00,27.3,79
2025-01-01 22:45:00,25.4,82.8
2025-01-02 00:45:00,25.1,87.7
2025-01-02 02:45:00,24.6,87.7
2025-01-02 04:45:00,24.3,88.6
2025-01-02 06:45:00,24.1,88.9
2025-01-02 08:45:00,28.9,72.8
2025-01-02 10:45:00,30.4,69.6
2025-01-02 12:45:00,30.6,69.1
2025-01-02 14:45:00,30,75.2
2025-01-02 16:45:00,30.4,71.1
2025-01-02 18:45:00,29.5,70.9
2025-01-02 20:45:00,27.4,80.5
2025-01-02 22:45:00,26.3,83.6
2025-01-03 00:45:00,25.1,86.6
2025-01-03 02:45:00,24.5,87.5
2025-01-03 04:45:00,23.9,89.1
2025-01-03 06:45:00,30.2,71.9
2025-01-03 08:45:00,33.3,59.4
2025-01-03 10:45:00,34.2,53
2025-01-03 12:45:00,34.5,43.6
2025-01-03 14:45:00,35.4,46.2
2025-01-09 22:45:00,25.5,72.7
2025-01-10 00:45:00,24.3,79.2
2025-01-10 02:45:00,24,80
2025-01-10 04:45:00,23.4,83.2
2025-01-10 06:45:00,23,84.8
2025-01-10 08:45:00,22.5,87.2
2025-01-10 10:45:00,23.2,85.5
2025-01-10 12:45:00,29.9,63.5
2025-01-10 14:45:00,30.8,55.2
2025-01-10 16:45:00,30.2,54
2025-01-10 18:45:00,29.2,62.3
2025-01-10 20:45:00,27.6,66.9
2025-01-10 22:45:00,26,68.1
2025-01-11 00:45:00,25.2,70.3
2025-01-11 02:45:00,24.9,74.4
2025-01-11 04:45:00,24.3,77.1
2025-01-11 06:45:00,23.6,81.7
2025-01-11 08:45:00,23.2,83.8
2025-01-11 10:45:00,23.4,83.8
2025-01-11 12:45:00,24.2,81.7
2025-01-11 14:45:00,25.9,77.1
2025-01-11 16:45:00,25.4,76.5
2025-01-11 18:45:00,24.5,77.7
2025-01-11 20:45:00,23.7,83.7
2025-01-11 22:45:00,23.1,79.6
2025-01-12 00:45:00,22.8,81.9
2025-01-12 02:45:00,22.9,83.8
2025-01-12 04:45:00,22.3,87.2
2025-01-12 06:45:00,21.9,88
2025-01-12 08:45:00,21.5,89.1
2025-01-12 10:45:00,28.6,67.4
2025-01-12 12:45:00,28.7,59.4
2025-01-12 14:45:00,28.6,58.2
2025-01-12 16:45:00,27.1,63.4
2025-01-12 18:45:00,27,67.1
2025-01-12 20:45:00,25.9,67.8
2025-01-12 22:45:00,24.4,76.9
2025-01-13 00:45:00,24.5,79
2025-01-13 02:45:00,23,83.3
2025-01-13 04:45:00,22.2,84.6
2025-01-13 06:45:00,21.5,85.7
2025-01-13 08:45:00,22.9,82
2025-01-13 10:45:00,31.2,56.7
2025-01-13 12:45:00,28.2,62.2
2025-01-13 14:45:00,30.9,52.4
2025-01-13 16:45:00,29.2,58.9
2025-01-13 18:45:00,28.1,57.7
2025-01-13 20:45:00,26.5,67.5
2025-01-13 22:45:00,24.9,75.4
2025-01-14 00:45:00,23.9,79.6
2025-01-14 02:45:00,23.4,80.5
2025-01-14 04:45:00,22.5,82.7
2025-01-14 06:45:00,22.2,86.4
2025-01-14 08:45:00,22.5,87.2
2025-01-14 10:45:00,29.3,65.3
2025-01-14 12:45:00,30.3,55.2
2025-01-14 14:45:00,30,54.4
2025-01-14 16:45:00,30.2,58.7
2025-01-14 18:45:00,28.2,64
2025-01-14 20:45:00,26.5,69.1
2025-01-14 22:45:00,25.7,74.7
2025-01-15 00:45:00,25.3,78.4
2025-01-15 02:45:00,23.7,82.8
2025-01-15 04:45:00,22.8,84.5
2025-01-15 06:45:00,21.9,85.4
2025-01-15 08:45:00,30,62.1
2025-01-15 10:45:00,28.9,65
2025-01-15 12:45:00,30.6,56.6
2025-01-15 14:45:00,29.4,61.6
2025-01-15 16:45:00,29.5,60.1
2025-01-15 18:45:00,28.7,66
2025-01-15 20:45:00,26.9,73.6
2025-01-15 22:45:00,26,80.2
2025-01-16 00:45:00,26.6,79.8
2025-01-16 02:45:00,25.4,84.6
2025-01-16 04:45:00,24.7,87.4
2025-01-16 06:45:00,24.1,89
2025-01-16 08:45:00,24.3,90.3
2025-01-16 10:45:00,26.6,86.7
2025-01-16 12:45:00,27.2,85.4
2025-01-16 14:45:00,28.4,82.9
2025-01-16 16:45:00,26.9,84.2
2025-01-16 18:45:00,25.1,88.1
2025-01-16 20:45:00,24.8,90.3
2025-01-16 22:45:00,25.8,91.4
2025-01-17 00:45:00,25.3,91.8
2025-01-17 02:45:00,24.9,92.8
2025-01-17 04:45:00,24.7,94.1
2025-01-17 06:45:00,24.8,94.9
2025-01-17 08:45:00,26.4,92
2025-01-17 10:45:00,31.3,74.3
2025-01-17 12:45:00,32.2,70.7
2025-01-17 14:45:00,30.5,81.9
2025-01-17 16:45:00,29.4,85.7
2025-01-17 18:45:00,28,89.4
2025-01-17 20:45:00,27.6,89.7
2025-01-17 22:45:00,27.4,90.2
2025-01-18 00:45:00,26.6,91.8
2025-01-18 02:45:00,26.3,92.6
2025-01-18 04:45:00,25.9,93.4
2025-01-18 06:45:00,26.3,92
2025-01-18 08:45:00,29.9,81.8
2025-01-18 10:45:00,33.4,68.4
2025-01-18 12:45:00,35.1,58.8
2025-01-18 14:45:00,35.8,53.9
2025-01-23 18:45:00,33.5,64.7
2025-01-23 20:45:00,35.6,52.5
2025-01-23 22:45:00,34.5,55.6
2025-01-24 00:45:00,33.6,67.2
2025-01-24 02:45:00,31.7,73.2
2025-01-24 04:45:00,29.4,79.4
2025-01-24 06:45:00,30.3,77.3
2025-01-24 08:45:00,29.3,80.5
2025-01-24 10:45:00,28.8,82.9
2025-01-24 12:45:00,28.2,86
2025-01-24 14:45:00,27.5,87.3
2025-01-24 16:45:00,27.9,86.5
2025-01-24 18:45:00,29,82.3
2025-01-24 20:45:00,31.9,71.4
2025-01-24 22:45:00,34.1,63.3
2025-01-25 00:45:00,30.1,72.9
2025-01-25 02:45:00,28.3,85
2025-01-25 04:45:00,26.5,86
2025-01-25 06:45:00,27.1,85
2025-01-25 08:45:00,26.5,87.9
2025-01-25 10:45:00,26.1,86.3
2025-01-25 12:45:00,25.5,89.8
2025-01-25 14:45:00,25.1,91.1
2025-01-25 16:45:00,30.7,77.4
2025-01-25 18:45:00,33.3,64.7
2025-01-25 20:45:00,35.6,59.8
2025-01-25 22:45:00,32.7,69.5
2025-01-26 00:45:00,32.7,72.7
2025-01-26 02:45:00,28.9,84.2
2025-01-26 04:45:00,30,78.9
2025-01-26 06:45:00,27.9,84.2
2025-01-26 08:45:00,26.7,86.9
2025-01-26 10:45:00,25.8,88.4
2025-01-26 12:45:00,25.5,89.7
2025-01-26 14:45:00,26.2,86.9
2025-01-26 16:45:00,32.8,66.8
2025-01-26 18:45:00,35,55.2
2025-01-26 20:45:00,34.4,61.2
2025-01-26 22:45:00,34.2,59.9
2025-01-27 00:45:00,31.2,68.4
2025-01-27 02:45:00,29,72.6
2025-01-27 04:45:00,29.6,69
2025-01-27 06:45:00,28,72.9
2025-01-27 08:45:00,27.4,75.5
2025-01-27 10:45:00,26.3,80.9
2025-01-27 12:45:00,25,83.5
2025-01-27 14:45:00,25.5,81.4
2025-01-27 16:45:00,32.4,61.7
2025-01-27 18:45:00,32.2,61.1
2025-01-27 20:45:00,32.4,60.1
2025-01-27 22:45:00,32.2,60.8
2025-01-28 00:45:00,31.1,65.1
2025-01-28 02:45:00,28.9,72.7
2025-01-28 04:45:00,28.5,75.4
2025-01-28 06:45:00,27.2,81.3
2025-01-28 08:45:00,26.5,84.4
2025-01-28 10:45:00,26,87.4
2025-01-28 12:45:00,25.5,88.3
2025-01-28 14:45:00,26.8,85.7
2025-01-28 16:45:00,31.7,68.2
2025-01-28 18:45:00,31.1,65.9
2025-01-28 20:45:00,31.4,67.9
2025-01-28 22:45:00,30.9,68.5
2025-01-29 00:45:00,29.7,71.3
2025-01-29 02:45:00,28.4,77
2025-01-29 04:45:00,28.7,76.1
2025-01-29 06:45:00,26.7,86.1
2025-01-29 08:45:00,26.3,87.2
2025-01-29 10:45:00,25.7,89.3
2025-01-29 12:45:00,25.4,89.9
2025-01-29 14:45:00,26.9,86.1
2025-01-29 16:45:00,29.5,78
2025-01-29 18:45:00,31.7,68
2025-01-29 20:45:00,31,70.5
2025-01-29 22:45:00,29.3,76.8
2025-01-30 00:45:00,27.6,83.3
2025-01-30 02:45:00,28.7,78.7
2025-01-30 04:45:00,26.9,80.8
2025-01-30 06:45:00,25.7,84.9
2025-01-30 08:45:00,25.3,86.8
2025-01-30 10:45:00,24.8,89.4
2025-01-30 12:45:00,24.4,91.2
2025-01-30 14:45:00,28.1,81.6
2025-01-30 16:45:00,30.6,68.9
2025-01-30 18:45:00,33.2,56.1
2025-01-30 20:45:00,31.8,59.8
2025-01-30 22:45:00,31.5,63.4
2025-01-31 00:45:00,28.7,71.7
2025-01-31 02:45:00,28.5,73.6
2025-01-31 04:45:00,25.1,85.9
2025-01-31 06:45:00,24.9,87
2025-01-31 08:45:00,24.3,88.1
2025-01-31 10:45:00,23.9,90.4
2025-01-31 12:45:00,24.7,88.1
2025-01-31 14:45:00,27.7,79.4
2025-01-31 16:45:00,31.1,59.7
2025-01-31 18:45:00,30.6,61.7
2025-01-31 20:45:00,31.1,62.8
2025-01-31 22:45:00,30.4,73.4
2025-02-01 00:45:00,29.8,70.4
2025-02-01 02:45:00,28.1,75.6
2025-02-01 04:45:00,27.1,82
2025-02-01 06:45:00,26.5,84.9
2025-02-01 08:45:00,25.9,87
2025-02-01 10:45:00,25.7,87.8
2025-02-01 12:45:00,25.8,88.2
2025-02-01 14:45:00,28.5,80.4
2025-02-01 16:45:00,32.7,63.6
2025-02-01 18:45:00,31.6,68
2025-02-01 20:45:00,32.4,66.4
2025-02-01 22:45:00,29.2,76.2
2025-02-02 00:45:00,28.1,80.7
2025-02-02 02:45:00,27.8,83.4
2025-02-02 04:45:00,26.5,86.5
2025-02-02 06:45:00,26,87.9
2025-02-02 08:45:00,25.2,89.5
2025-02-02 10:45:00,24.6,91.5
2025-02-02 12:45:00,26.9,85.8
2025-02-02 14:45:00,32.9,65.5
2025-02-02 16:45:00,33.3,62.7
2025-02-02 18:45:00,32.4,67
2025-02-02 20:45:00,30.3,80.3
2025-02-02 22:45:00,28.9,80.5
2025-02-03 00:45:00,28.3,82.9
2025-02-03 02:45:00,27.1,87.3
2025-02-03 04:45:00,26.5,87.4
2025-02-03 06:45:00,26.2,89.2
2025-02-03 08:45:00,25.7,90.3
2025-02-03 10:45:00,25.1,91.3
2025-02-03 12:45:00,29.9,77.4
2025-02-03 14:45:00,32.2,69.1
2025-02-03 16:45:00,33.1,60.5
2025-02-03 18:45:00,33.4,62.6
2025-02-03 20:45:00,31.2,72.6
2025-02-03 22:45:00,29.2,79.4
2025-02-04 00:45:00,30.3,76.8
2025-02-04 02:45:00,27.6,84.8
2025-02-04 04:45:00,26.9,87.9
2025-02-04 06:45:00,26.3,88.6
2025-02-04 08:45:00,25.9,89.7
2025-02-04 10:45:00,25.7,89.8
2025-02-04 12:45:00,29,79.9
2025-02-04 14:45:00,32.7,67.6
2025-02-04 16:45:00,35.3,58.3
2025-02-04 18:45:00,33.9,59.6
2025-02-04 20:45:00,31.4,76
2025-02-04 22:45:00,29.4,81.3
2025-02-05 00:45:00,27.7,79.7
2025-02-05 02:45:00,26.9,85.1
2025-02-05 04:45:00,26.2,87.2
2025-02-05 06:45:00,25.9,89
2025-02-05 08:45:00,25.4,89.7
2025-02-05 10:45:00,29.2,78.4
2025-02-05 12:45:00,31.8,69.2
2025-02-05 14:45:00,33.9,60.9
2025-02-05 16:45:00,32.9,73.4
2025-02-05 18:45:00,27.7,83.5
2025-02-05 20:45:00,28.4,84.7
2025-02-05 22:45:00,27.2,87.5
2025-02-06 00:45:00,26.5,90.1
2025-02-06 02:45:00,26.4,90.7
2025-02-06 04:45:00,25.8,92.2
2025-02-06 06:45:00,25.5,92.6
2025-02-06 08:45:00,25.4,93.2
2025-02-06 10:45:00,25.7,93.1
2025-02-06 12:45:00,26.9,90.6
2025-02-06 14:45:00,29.2,82.8
2025-02-06 16:45:00,32,70.6
2025-02-06 18:45:00,31.8,73.6
2025-02-06 20:45:00,30.4,83.9
2025-02-06 22:45:00,28.9,89.2
2025-02-07 00:45:00,27.9,81.5
2025-02-07 02:45:00,26.7,87.7
2025-02-07 04:45:00,25.9,89.7
2025-02-07 06:45:00,25.4,90.2
2025-02-07 08:45:00,24.9,91.3
2025-02-07 10:45:00,25.9,88.8
2025-02-07 12:45:00,29.4,77.5
2025-02-07 14:45:00,30.2,75.5
2025-02-07 16:45:00,31,75.3
2025-02-07 18:45:00,29.6,77.4
2025-02-07 20:45:00,28.1,80.1
2025-02-07 22:45:00,27,82.3
2025-02-08 00:45:00,26.1,86.3
2025-02-08 02:45:00,25.8,86.8
2025-02-08 04:45:00,25.3,89.2
2025-02-08 06:45:00,24.6,90.7
2025-02-08 08:45:00,26.1,86.9
2025-02-08 10:45:00,29.2,70.8
2025-02-08 12:45:00,28.2,72.6
2025-02-08 14:45:00,30.5,64.1
2025-02-08 16:45:00,30.3,65
2025-02-08 18:45:00,28.8,73.6
2025-02-08 20:45:00,27.5,78.4
2025-02-08 22:45:00,26.5,81.3
2025-02-09 00:45:00,25.8,83.2
2025-02-09 02:45:00,25.1,86.1
2025-02-09 04:45:00,24.2,87.5
2025-02-09 06:45:00,23.3,88.6
2025-02-09 08:45:00,27.7,77.1
2025-02-09 10:45:00,30.4,67.5
2025-02-09 12:45:00,31.4,59.3
2025-02-09 14:45:00,31.6,60.6
2025-02-09 16:45:00,32.8,56.1
2025-02-09 18:45:00,32.6,55.1
2025-02-09 20:45:00,30,74.9
2025-02-09 22:45:00,30.7,72.1
2025-02-10 00:45:00,28.1,78.8
2025-02-10 02:45:00,26.6,84
2025-02-10 04:45:00,25.9,85.6
2025-02-10 06:45:00,25.2,87.2
2025-02-10 08:45:00,31,71.5
2025-02-10 10:45:00,33.6,61.1
2025-02-10 12:45:00,33.5,59.7
2025-02-10 14:45:00,34.1,58.9
2025-02-10 16:45:00,33.2,65.5
2025-02-10 18:45:00,31.5,69.4
2025-02-10 20:45:00,29.6,74.6
2025-02-10 22:45:00,28.9,78.4
2025-02-11 00:45:00,28.4,80.3
2025-02-11 02:45:00,26.9,85.5
2025-02-11 04:45:00,26.4,87.4
2025-02-11 06:45:00,26,88.3
2025-02-11 08:45:00,31.9,72.2
2025-02-11 10:45:00,33.6,59.5
2025-02-11 12:45:00,35.2,56
2025-02-11 14:45:00,34.5,58.8
2025-02-11 16:45:00,36.5,58.2
2025-02-11 18:45:00,33.4,71.3
2025-02-11 20:45:00,32.8,73.6
2025-02-11 22:45:00,30.4,82
2025-02-12 00:45:00,29.7,83.6
2025-02-12 02:45:00,29,85.8
2025-02-12 04:45:00,28.4,88.3
2025-02-12 06:45:00,28.3,88.7
2025-02-12 08:45:00,32.3,75.6
2025-02-12 10:45:00,34.7,62.6
2025-02-12 12:45:00,37.6,51.3
2025-02-12 14:45:00,37.3,47.4
2025-02-12 16:45:00,35.3,67.5
2025-02-12 18:45:00,37.6,47.1
2025-02-12 20:45:00,34.9,67.9
2025-02-12 22:45:00,29.2,81.6
2025-02-13 00:45:00,29.1,78.5
2025-02-13 02:45:00,27.2,83.7
2025-02-13 04:45:00,26.6,85.9
2025-02-13 06:45:00,26.1,86.9
2025-02-13 08:45:00,25.8,87.9
2025-02-13 10:45:00,26.6,86.1
2025-02-13 12:45:00,27.5,84.5
2025-02-13 14:45:00,34.1,61.8
2025-02-13 16:45:00,33.7,63.8
2025-02-13 18:45:00,33.3,67.8
2025-02-13 20:45:00,26.8,83
2025-02-13 22:45:00,26.6,85.1
2025-02-14 00:45:00,27.5,83.1
2025-02-14 02:45:00,26.3,86.2
2025-02-14 04:45:00,25.4,89.7
2025-02-14 06:45:00,25.1,91.7
2025-02-14 08:45:00,24.5,92
2025-02-14 10:45:00,26.6,86.6
2025-02-14 12:45:00,30,73.2
2025-02-14 14:45:00,34.4,60.8
2025-02-14 16:45:00,32.8,66.3
2025-02-14 18:45:00,31.8,68.7
2025-02-14 20:45:00,30,70.7
2025-02-14 22:45:00,29.4,71.8
2025-02-15 00:45:00,28.1,74.7
2025-02-15 02:45:00,27.3,80.9
2025-02-15 04:45:00,26.7,86
2025-02-15 06:45:00,25.9,86.8
2025-02-15 08:45:00,25.7,88.3
2025-02-15 10:45:00,27.6,84.6
2025-02-15 12:45:00,31.8,67.8
2025-02-15 14:45:00,32,64.7
2025-02-15 16:45:00,32.2,66.5
2025-02-15 18:45:00,31.7,71.3
2025-02-15 20:45:00,31.1,71.3
2025-02-15 22:45:00,29.1,81.4
2025-02-16 00:45:00,28.9,85.1
2025-02-16 02:45:00,28.2,87.9
2025-02-16 04:45:00,27.8,90.1
2025-02-16 06:45:00,27.2,91.2
2025-02-16 08:45:00,27,91
2025-02-16 10:45:00,31.2,79.4
2025-02-16 12:45:00,35.3,63
2025-02-16 14:45:00,35.1,63.1
2025-02-16 16:45:00,34.8,64.4
2025-02-16 18:45:00,33.5,74.8
2025-02-16 20:45:00,31.1,79.8
2025-02-16 22:45:00,30,84.7
2025-02-17 00:45:00,30.4,84.5
2025-02-17 02:45:00,29.7,87.4
2025-02-17 04:45:00,29.2,89.4
2025-02-17 06:45:00,28.5,89
2025-02-17 08:45:00,28.4,82.4
2025-02-17 10:45:00,29.2,80.9
2025-02-17 12:45:00,35.4,62
2025-02-17 14:45:00,35.9,59
2025-02-17 16:45:00,36.4,58.9
2025-02-17 18:45:00,33.3,74
2025-02-17 20:45:00,27.4,87.2
2025-02-17 22:45:00,28.7,81.4
2025-02-18 00:45:00,27,86.8
2025-02-18 02:45:00,26.6,87.6
2025-02-18 04:45:00,26.2,90.2
2025-02-18 06:45:00,25.9,90.8
2025-02-18 08:45:00,27.8,86.5
2025-02-18 10:45:00,27.5,86.8
2025-02-18 12:45:00,27.9,83.5
2025-02-18 14:45:00,27.7,82.6
2025-02-18 16:45:00,27.1,84.6
2025-02-18 18:45:00,26,87.1
2025-02-18 20:45:00,24.9,88.3
2025-02-18 22:45:00,24.4,87.4
2025-02-19 00:45:00,23.7,89.9
2025-02-19 02:45:00,23.4,91.1
2025-02-19 04:45:00,23.3,91.9
2025-02-19 06:45:00,23,92.6
2025-02-19 08:45:00,25.6,85.4
2025-02-19 10:45:00,25.4,87.7
2025-02-19 12:45:00,29.7,74.1
2025-02-19 14:45:00,31.2,69.7
2025-02-19 16:45:00,30.2,74.3
2025-02-19 18:45:00,28.3,84.4
2025-02-19 20:45:00,29.4,82.5
2025-02-19 22:45:00,28,84.4
2025-02-20 00:45:00,26.7,86.7
2025-02-20 02:45:00,26,90.2
2025-02-20 04:45:00,25.4,91.9
2025-02-20 06:45:00,25.5,92.7
2025-02-20 08:45:00,28.7,83.1
2025-02-20 10:45:00,33.9,63.8
2025-02-20 12:45:00,34,61.6
2025-02-20 14:45:00,33.3,61.4
2025-02-20 16:45:00,33.9,60.3
2025-02-20 18:45:00,33.4,61.7
2025-02-20 20:45:00,32.3,70.1
2025-02-20 22:45:00,29.2,78.7
2025-02-21 00:45:00,27.9,82.2
2025-02-21 02:45:00,27.1,85.2
2025-02-21 04:45:00,26.6,87
2025-02-21 06:45:00,26.3,87
2025-02-21 08:45:00,25.5,89.5
2025-02-21 10:45:00,25.3,90.4
2025-02-21 12:45:00,32,67.6
2025-02-21 14:45:00,31.2,69.3
2025-02-21 16:45:00,34.4,59.3
2025-02-21 18:45:00,32.8,59.3
2025-02-21 20:45:00,31.4,71.4
2025-02-21 22:45:00,28.9,75
2025-02-22 00:45:00,28.3,78.2
2025-02-22 02:45:00,27.4,81.8
2025-02-22 04:45:00,27.3,83.4
2025-02-22 06:45:00,26.4,86.6
2025-02-22 08:45:00,25.8,88.2
2025-02-22 10:45:00,25.9,87.9
2025-02-22 12:45:00,29.3,77.1
2025-02-22 14:45:00,30.5,68.9
2025-02-22 16:45:00,32.5,61.7
2025-02-22 18:45:00,32.4,62
2025-02-22 20:45:00,30.4,70.3
2025-02-22 22:45:00,28.5,74
2025-02-23 00:45:00,28,77.2
2025-02-23 02:45:00,27.4,79.3
2025-02-23 04:45:00,26.5,86.1
2025-02-23 06:45:00,25.9,86.6
2025-02-23 08:45:00,25.3,87.8
2025-02-23 10:45:00,25.9,86.8
2025-02-23 12:45:00,26.7,84.7
2025-02-23 14:45:00,30,72.5
2025-02-23 16:45:00,30.7,65.8
2025-02-23 18:45:00,31.2,64.3
2025-02-23 20:45:00,30,70.3
2025-02-23 22:45:00,28,76.8
2025-02-24 00:45:00,27,82.6
2025-02-24 02:45:00,26.2,85.8
2025-02-24 04:45:00,25.9,86.5
2025-02-24 06:45:00,25.1,87.5
2025-02-24 08:45:00,24.5,88.7
2025-02-24 10:45:00,30,72.3
2025-02-24 12:45:00,32.9,63.4
2025-02-24 14:45:00,35.6,55.8
2025-02-24 16:45:00,34.9,58.1
2025-02-24 18:45:00,31.9,67.9
2025-02-24 20:45:00,30.7,75.3
2025-02-24 22:45:00,28.8,81.8
2025-02-25 00:45:00,29.4,79.9
2025-02-25 02:45:00,28.2,83.9
2025-02-25 04:45:00,27.4,87.1
2025-02-25 06:45:00,26.7,89.3
2025-02-25 08:45:00,26.4,90.1
2025-02-25 10:45:00,34.4,66.1
2025-02-25 12:45:00,34.7,60.7
2025-02-25 14:45:00,34,61
2025-02-25 16:45:00,36.2,57.2
2025-02-25 18:45:00,35.2,61.2
2025-02-25 20:45:00,31.1,74
2025-02-25 22:45:00,30.4,77.3
2025-02-26 00:45:00,29.5,81.8
2025-02-26 02:45:00,28.5,85.2
2025-02-26 04:45:00,27.9,87.3
2025-02-26 06:45:00,27.6,88.7
2025-02-26 08:45:00,27.9,87.6
2025-02-26 10:45:00,33.8,66.3
2025-02-26 12:45:00,34.4,59.6
2025-02-26 14:45:00,34,57.5
2025-02-26 16:45:00,34.5,60.7
2025-02-26 18:45:00,33.7,68.6
2025-02-26 20:45:00,32.8,70.1
2025-02-26 22:45:00,30.3,79.9
2025-02-27 00:45:00,30,81.3
2025-02-27 02:45:00,29.4,83
2025-02-27 04:45:00,29,84.1
2025-02-27 06:45:00,27.7,88.2
2025-02-27 08:45:00,28.7,84.5
2025-02-27 10:45:00,33.8,67.7
2025-02-27 12:45:00,36.4,56.6
2025-02-27 14:45:00,34.9,61.5
2025-02-27 16:45:00,33.2,70.3
2025-02-27 18:45:00,30.9,73.3
2025-02-27 20:45:00,29.2,78.2
2025-02-27 22:45:00,29.9,77.5
2025-02-28 00:45:00,28.6,82.3
2025-02-28 02:45:00,27.8,84.7
2025-02-28 04:45:00,26.9,87.1
2025-02-28 06:45:00,26.4,87.9
2025-02-28 08:45:00,30.7,75.8
2025-02-28 10:45:00,32.3,65.9
2025-02-28 12:45:00,33.4,62.8
2025-02-28 14:45:00,35.3,56.6
2025-02-28 16:45:00,32.8,67.1
2025-02-28 18:45:00,30.9,71.5
2025-02-28 20:45:00,30.8,72.8
2025-02-28 22:45:00,29.2,78.1
2025-03-01 00:45:00,28.2,82.3
2025-03-01 02:45:00,27,85.9
2025-03-01 04:45:00,26.4,87
2025-03-01 06:45:00,25.7,88.6
2025-03-01 08:45:00,30.4,76.3
2025-03-01 10:45:00,33.4,62.7
2025-03-01 12:45:00,34.7,56.8
2025-03-01 14:45:00,35.2,53.1
2025-03-01 16:45:00,36.2,54.8
2025-03-01 18:45:00,33.9,65.2
2025-03-01 20:45:00,30.2,76.6
2025-03-01 22:45:00,29.4,80.1
2025-03-02 00:45:00,29.4,80.4
2025-03-02 02:45:00,28.7,83
2025-03-02 04:45:00,27.9,84.9
2025-03-02 06:45:00,27.4,86.1
2025-03-02 08:45:00,31.5,74
2025-03-02 10:45:00,35.4,55.7
2025-03-02 12:45:00,33.4,59.6
2025-03-02 14:45:00,35,49.6
2025-03-17 00:45:00,29.3,64.6
2025-03-17 02:45:00,28.1,69.4
2025-03-17 04:45:00,27.6,73.4
2025-03-17 06:45:00,26.7,77.3
2025-03-17 08:45:00,25.3,83.8
2025-03-17 10:45:00,24.5,86.4
2025-03-17 12:45:00,24,87.3
2025-03-17 14:45:00,23.6,88.7
2025-03-17 16:45:00,25.1,84.5
2025-03-17 18:45:00,27.7,76.2
2025-03-17 20:45:00,29.6,64
2025-03-17 22:45:00,29.5,67.3
2025-03-18 00:45:00,30.1,65.9
2025-03-18 02:45:00,28.3,75.1
2025-03-18 04:45:00,26.6,81
2025-03-18 06:45:00,25.9,83.9
2025-03-18 08:45:00,25.5,85.9
2025-03-18 10:45:00,25,86.9
2025-03-18 12:45:00,24.1,89.1
2025-03-18 14:45:00,23.4,90.2
2025-03-18 16:45:00,26.6,81.5
2025-03-18 18:45:00,29.7,69
2025-03-18 20:45:00,30.4,63.7
2025-03-18 22:45:00,31.9,59.7
2025-03-19 00:45:00,31.4,63.5
2025-03-19 02:45:00,24.9,77.1
2025-03-19 04:45:00,24.4,83.2
2025-03-19 06:45:00,23.8,84.9
2025-03-19 08:45:00,23.1,86.2
2025-03-19 10:45:00,22.4,88.1
2025-03-19 12:45:00,21.6,88.7
2025-03-19 14:45:00,21.3,89.6
2025-03-19 16:45:00,26.6,75.4
2025-03-19 18:45:00,30.5,60.9
2025-03-19 20:45:00,29.5,63.6
2025-03-19 22:45:00,29.5,59.1
2025-03-20 00:45:00,29.2,60.4
2025-03-20 02:45:00,26.9,70.9
2025-03-20 04:45:00,26.5,77
2025-03-20 06:45:00,24.3,82.6
2025-03-20 08:45:00,23.3,84.2
2025-03-20 10:45:00,22.1,85.8
2025-03-20 12:45:00,21.5,85.2
2025-03-20 14:45:00,21.3,86.1
2025-03-20 16:45:00,26.5,71.9
2025-03-20 18:45:00,28.3,60.9
2025-03-20 20:45:00,28.7,56.1
2025-03-20 22:45:00,29.6,50.4
2025-03-21 00:45:00,28.1,62.3
2025-03-21 02:45:00,25.6,73
2025-03-21 04:45:00,26.3,75.1
2025-03-21 06:45:00,23.5,82.9
2025-03-21 08:45:00,22.6,85.4
2025-03-21 10:45:00,21.9,86.5
2025-03-21 12:45:00,21.3,88.3
2025-03-21 14:45:00,24,82.5
2025-03-21 16:45:00,28.5,68.3
2025-03-21 18:45:00,28.5,60
2025-03-21 20:45:00,28.9,57.6
2025-03-21 22:45:00,29.4,63.3
2025-03-22 00:45:00,27.4,70.7
2025-03-22 02:45:00,25.7,75.8
2025-03-22 04:45:00,24.7,81.9
2025-03-22 06:45:00,23.5,86.3
2025-03-22 08:45:00,23.3,87.4
2025-03-22 10:45:00,22.8,88.8
2025-03-22 12:45:00,21.9,88.9
2025-03-22 14:45:00,23,87.4
2025-03-22 16:45:00,27,74.1
2025-03-22 18:45:00,28.1,65.4
2025-03-22 20:45:00,28.9,62.3
2025-03-22 22:45:00,28.4,72.2
2025-03-23 00:45:00,27.2,76.7
2025-03-23 02:45:00,26,82.3
2025-03-23 04:45:00,25.9,84.1
2025-03-23 06:45:00,25.2,85.6
2025-03-23 08:45:00,24.7,87
2025-03-23 10:45:00,24.6,87
2025-03-23 12:45:00,23.9,88.8
2025-03-23 14:45:00,25.9,83.4
2025-03-23 16:45:00,29.3,72.5
2025-03-23 18:45:00,30,68.5
2025-03-23 20:45:00,32.3,65.3
2025-03-23 22:45:00,29.2,77.4
2025-03-24 00:45:00,27.8,82.9
2025-03-24 02:45:00,27.2,85.5
2025-03-24 04:45:00,27.2,86.4
2025-03-24 06:45:00,25.9,82.6
2025-03-24 08:45:00,24.8,86.5
2025-03-24 10:45:00,24.9,86.6
2025-03-24 12:45:00,25.1,86.8
2025-03-24 14:45:00,30.3,71.1
2025-03-24 16:45:00,31.9,64.4
2025-03-24 18:45:00,33.3,58.3
2025-03-24 20:45:00,32.3,58.7
2025-03-24 22:45:00,31.7,68.7
2025-03-25 00:45:00,28.6,77.4
2025-03-25 02:45:00,27.7,82.2
2025-03-25 04:45:00,27.2,84.4
2025-03-25 06:45:00,26.4,86.1
2025-03-25 08:45:00,24.9,87.3
2025-03-25 10:45:00,23.8,88
2025-03-25 12:45:00,25.7,82.1
2025-03-25 14:45:00,29.5,68.6
2025-03-25 16:45:00,30.2,62.4
2025-03-25 18:45:00,30.9,57.1
2025-03-25 20:45:00,30.3,69.2
2025-03-25 22:45:00,28.3,74.9
2025-03-26 00:45:00,26.8,73.5
2025-03-26 02:45:00,26.5,79.4
2025-03-26 04:45:00,26.8,79
2025-03-26 06:45:00,25.8,82.8
2025-03-26 08:45:00,24.8,86.5
2025-03-26 10:45:00,24.5,86.9
2025-03-26 12:45:00,25,86.2
2025-03-26 14:45:00,26.9,80.6
2025-03-26 16:45:00,28.8,70.2
2025-03-26 18:45:00,29.5,68.5
2025-03-26 20:45:00,27.8,75.1
2025-03-26 22:45:00,26.4,79.9
2025-03-27 00:45:00,25.1,85.3
2025-03-27 02:45:00,24.4,87.2
2025-03-27 04:45:00,23.9,87.7
2025-03-27 06:45:00,23.7,88.8
2025-03-27 08:45:00,23.5,90.1
2025-03-27 10:45:00,23.2,90.3
2025-03-27 12:45:00,28.6,73.8
2025-03-27 14:45:00,30.1,66
2025-03-27 16:45:00,32.3,62.2
2025-03-27 18:45:00,30.7,66.3
2025-03-27 20:45:00,29.3,72
2025-03-27 22:45:00,28.2,76.4
2025-03-28 00:45:00,27.2,81.6
2025-03-28 02:45:00,26.2,85.7
2025-03-28 04:45:00,25.3,88.1
2025-03-28 06:45:00,24.8,89.3
2025-03-28 08:45:00,24.4,90.2
2025-03-28 10:45:00,24.1,90.5
2025-03-28 12:45:00,26,85.9
2025-03-28 14:45:00,29.1,75.8
2025-03-28 16:45:00,30.4,69.3
2025-03-28 18:45:00,31.1,65.4
2025-03-28 20:45:00,30.2,72.2
2025-03-28 22:45:00,28.1,80.1
2025-03-29 00:45:00,29.8,76.7
2025-03-29 02:45:00,27.6,83.5
2025-03-29 04:45:00,26.6,86.9
2025-03-29 06:45:00,25.7,88.9
2025-03-29 08:45:00,25.3,89.4
2025-03-29 10:45:00,25.5,89
2025-03-29 12:45:00,30.2,74.8
2025-03-29 14:45:00,30.9,67.9
2025-03-29 16:45:00,34.3,56.9
2025-03-29 18:45:00,32.2,65.1
2025-03-29 20:45:00,28.9,81.4
2025-03-29 22:45:00,28,82.8
2025-03-30 00:45:00,28.8,80.8
2025-03-30 02:45:00,27.6,84.7
2025-03-30 04:45:00,26.9,86.3
2025-03-30 06:45:00,26,88.1
2025-03-30 08:45:00,25.7,87
2025-03-30 10:45:00,28.6,78
2025-03-30 12:45:00,30.7,69.1
2025-03-30 14:45:00,31.4,65.5
2025-03-30 16:45:00,32,62.2
2025-03-30 18:45:00,31.4,65
2025-03-30 20:45:00,29.1,74.3
2025-03-30 22:45:00,27.5,80.6
2025-03-31 00:45:00,27.9,80.8
2025-03-31 02:45:00,26.5,85.3
2025-03-31 04:45:00,25.4,86.8
2025-03-31 06:45:00,24.4,88.1
2025-03-31 08:45:00,23.9,88.5
2025-03-31 10:45:00,27.5,80.5
2025-03-31 12:45:00,30.7,69.7
2025-03-31 14:45:00,30.2,62.8
2025-03-31 16:45:00,31.6,53.8
2025-03-31 18:45:00,31.6,61.2
2025-03-31 20:45:00,28.9,74.6
2025-03-31 22:45:00,29.3,76.6
2025-04-01 00:45:00,27.2,83.8
2025-04-01 02:45:00,26.9,85.3
2025-04-01 04:45:00,26.6,85.9
2025-04-01 06:45:00,26.6,86.6
2025-04-01 08:45:00,26.3,87.6
2025-04-01 10:45:00,27.5,84.4
2025-04-01 12:45:00,29.9,72
2025-04-01 14:45:00,30.6,69.3
2025-04-01 16:45:00,31.1,66.9
2025-04-01 18:45:00,31.9,63
2025-04-01 20:45:00,30.5,68.2
2025-04-01 22:45:00,28,77.4
2025-04-02 00:45:00,27.2,80.8
2025-04-02 02:45:00,26.9,81.7
2025-04-02 04:45:00,25.7,85.5
2025-04-02 06:45:00,25.1,86.4
2025-04-02 08:45:00,25.5,85.1
2025-04-02 10:45:00,29.9,72
2025-04-02 12:45:00,31.1,67.5
2025-04-02 14:45:00,31,66
2025-04-02 16:45:00,33.1,59.9
2025-04-02 18:45:00,32.1,67.6
2025-04-02 20:45:00,28.7,79.2
2025-04-02 22:45:00,28.9,79.7
2025-04-03 00:45:00,27.3,88.3
2025-04-03 02:45:00,26.9,89.6
2025-04-03 04:45:00,26.4,90.7
2025-04-03 06:45:00,26.1,91.5
2025-04-03 08:45:00,28.7,83
2025-04-03 10:45:00,29.3,80.9
2025-04-03 12:45:00,32.2,65.3
2025-04-03 14:45:00,32.4,62.4
2025-04-03 16:45:00,31.3,71.6
2025-04-03 18:45:00,28,79.5
2025-04-03 20:45:00,27.1,80.2
2025-04-03 22:45:00,26.2,82.6
2025-04-04 00:45:00,24.5,85.2
2025-04-04 02:45:00,24,87.6
2025-04-04 04:45:00,23.6,89.6
2025-04-04 06:45:00,23.3,90.7
2025-04-04 08:45:00,25.8,83
2025-04-04 10:45:00,27.3,79.4
2025-04-04 12:45:00,29.5,70.6
2025-04-04 14:45:00,27.9,71.8
2025-04-04 16:45:00,25.9,71.4
2025-04-04 18:45:00,23.3,71.8
2025-04-04 20:45:00,22.6,61.1
2025-04-04 22:45:00,20.8,55
2025-04-05 00:45:00,20.7,67.7
2025-04-05 02:45:00,19.7,75
2025-04-05 04:45:00,18.9,77.4
2025-04-05 06:45:00,18.4,80.6
2025-04-05 08:45:00,22.4,71.1
2025-04-05 10:45:00,24.7,58.2
2025-04-05 12:45:00,24.6,59
2025-04-05 14:45:00,25,59.3
2025-04-05 16:45:00,24.3,60.3
2025-04-05 18:45:00,22.9,65.5
2025-04-05 20:45:00,21.9,72.2
2025-04-05 22:45:00,19.8,77.9
2025-04-12 08:45:00,21.1,91.9
2025-04-12 10:45:00,20.9,92.4
2025-04-12 12:45:00,20.8,93.1
2025-04-12 14:45:00,20.5,93.8
2025-04-12 16:45:00,20.9,93.6
2025-04-12 18:45:00,24.2,85.5
2025-04-12 20:45:00,25.7,79.1
2025-04-12 22:45:00,27.1,74.7
2025-04-13 00:45:00,27.3,73.4
2025-04-13 02:45:00,25.6,80.8
2025-04-13 04:45:00,24.3,88
2025-04-13 06:45:00,23.7,90.2
2025-04-13 08:45:00,23.4,91.6
2025-04-13 10:45:00,22.9,93.4
2025-04-13 12:45:00,22.6,94.2
2025-04-13 14:45:00,22.3,95
2025-04-13 16:45:00,22.9,93.9
2025-04-13 18:45:00,25.2,88
2025-04-13 20:45:00,25.9,85.8
2025-04-13 22:45:00,25.9,88
2025-04-14 00:45:00,24.1,89.7
2025-04-14 02:45:00,22.5,91.5
2025-04-14 04:45:00,22,92.1
2025-04-14 06:45:00,21.3,92.7
2025-04-14 08:45:00,21.5,91.1
2025-04-14 10:45:00,20.8,91.5
2025-04-14 12:45:00,20.1,91.3
2025-04-14 14:45:00,19.9,91.6
2025-04-14 16:45:00,22.8,86.5
2025-04-14 18:45:00,25.8,77.1
2025-04-14 20:45:00,26.6,69.8
2025-04-14 22:45:00,24.9,81.8
2025-04-15 00:45:00,24.7,83.5
2025-04-15 02:45:00,23.5,88.2
2025-04-15 04:45:00,22.6,86.7
2025-04-15 06:45:00,22.4,89.7
2025-04-15 08:45:00,21.6,90.5
2025-04-15 10:45:00,21,90.7
2025-04-15 12:45:00,20.1,91.4
2025-04-15 14:45:00,19.3,91.1
2025-04-15 16:45:00,22,85.7
2025-04-15 18:45:00,24,78.2
2025-04-15 20:45:00,26.1,68.6
2025-04-15 22:45:00,25.5,70.7
2025-04-16 00:45:00,23.6,78.6
2025-04-16 02:45:00,23,84.7
2025-04-16 04:45:00,21.9,88.2
2025-04-16 06:45:00,22.1,88.5
2025-04-16 08:45:00,21.8,89.7
2025-04-16 10:45:00,21.5,91
2025-04-16 12:45:00,21.4,92
2025-04-16 14:45:00,21.3,93.1
2025-04-16 16:45:00,23.9,85
2025-04-16 18:45:00,25,79.6
2025-04-16 20:45:00,26.4,73.5
2025-04-16 22:45:00,26.7,69.6
2025-04-17 00:45:00,25.7,78.8
2025-04-17 02:45:00,23.6,85.6
2025-04-17 04:45:00,23,87.6
2025-04-17 06:45:00,21.9,89.2
2025-04-17 08:45:00,20.9,90.3
2025-04-17 10:45:00,20.5,90.4
2025-04-17 12:45:00,19.9,90.9
2025-04-17 14:45:00,23.2,83.7
2025-04-17 16:45:00,25.8,75.4
2025-04-17 18:45:00,26.2,71.5
2025-04-17 20:45:00,27.3,69.2
2025-04-17 22:45:00,27.5,72
2025-04-18 00:45:00,25.5,82.6
2025-04-18 02:45:00,24,86.3
2025-04-18 04:45:00,23.9,87.8
2025-04-18 06:45:00,23.7,89.1
2025-04-18 08:45:00,23.3,90.7
2025-04-18 10:45:00,23,91.5
2025-04-18 12:45:00,22.8,91.9
2025-04-18 14:45:00,25.8,83.5
2025-04-18 16:45:00,27.5,75.5
2025-04-18 18:45:00,28.3,71.9
2025-04-18 20:45:00,28.9,68.6
2025-04-18 22:45:00,29.2,70
2025-04-19 00:45:00,26.9,81.8
2025-04-19 02:45:00,27.2,79.6
2025-04-19 04:45:00,25.1,87.1
2025-04-19 06:45:00,25,87.7
2025-04-19 08:45:00,24.7,89.2
2025-04-19 10:45:00,24.2,90.5
2025-04-19 12:45:00,24,91.3
2025-04-19 14:45:00,27.1,83.4
2025-04-19 16:45:00,28.9,74.9
2025-04-19 18:45:00,26.6,84.4
2025-04-19 20:45:00,25.1,81.6
2025-04-19 22:45:00,24.6,84.6
2025-04-20 00:45:00,23.9,86.2
2025-04-20 02:45:00,23.4,88.1
2025-04-20 04:45:00,22.7,90.5
2025-04-20 06:45:00,22.4,88.5
2025-04-20 08:45:00,21.5,89.7
2025-04-20 10:45:00,21.2,90.8
2025-04-20 12:45:00,20.6,89.7
2025-04-20 14:45:00,23.4,79
2025-04-20 16:45:00,25.4,65.7
2025-04-20 18:45:00,25.4,69.5
2025-04-20 20:45:00,25.7,68.4
2025-04-20 22:45:00,23.2,70.7
2025-04-21 00:45:00,22.6,67.2
2025-04-21 02:45:00,21.7,71
2025-04-21 04:45:00,21.4,77.7
2025-04-21 06:45:00,21,81.6
2025-04-21 08:45:00,20.5,83.3
2025-04-21 10:45:00,20,85.3
2025-04-21 12:45:00,20.3,85
2025-04-21 14:45:00,23.8,68
2025-04-21 16:45:00,23.6,69.8
2025-04-21 18:45:00,23.4,72.1
2025-04-21 20:45:00,23.6,73.1
2025-04-21 22:45:00,22.5,73.7
2025-04-22 00:45:00,21.7,81.6
2025-04-22 02:45:00,21.6,81.9
2025-04-22 04:45:00,20.2,85.6
2025-04-22 06:45:00,19.2,86.3
2025-04-22 08:45:00,18.4,87.4
2025-04-22 10:45:00,17.6,88.2
2025-04-22 12:45:00,21.2,76
2025-04-22 14:45:00,23.9,70.8
2025-04-22 16:45:00,25,60.2
2025-04-22 18:45:00,25.9,57.9
2025-04-22 20:45:00,25.5,63.2
2025-04-22 22:45:00,22.8,74.3
2025-04-23 00:45:00,21.9,79.3
2025-04-23 02:45:00,21.8,81.3
2025-04-23 04:45:00,21.2,84
2025-04-23 06:45:00,20.7,86
2025-04-23 08:45:00,19.6,88.7
2025-04-23 10:45:00,18.9,89.8
2025-04-23 12:45:00,21.9,83.5
2025-04-23 14:45:00,24.4,74.3
2025-04-23 16:45:00,25.8,62.2
2025-04-23 18:45:00,26.5,59.2
2025-04-23 20:45:00,26.4,59.9
2025-04-23 22:45:00,23.5,78.7
2025-04-24 00:45:00,22.1,84.5
2025-04-24 02:45:00,21,86.4
2025-04-24 04:45:00,20.4,87.7
2025-04-24 06:45:00,20.1,88.9
2025-04-24 08:45:00,19.4,89.9
2025-04-24 10:45:00,19.6,90.8
2025-04-24 12:45:00,21.8,85.2
2025-04-24 14:45:00,24.2,77.7
2025-04-24 16:45:00,25.1,75.9
2025-04-24 18:45:00,24.3,78.8
2025-04-24 20:45:00,23.4,83.4
2025-04-24 22:45:00,22.4,87
2025-04-25 00:45:00,22,88.4
2025-04-25 02:45:00,21.7,88.8
2025-04-25 04:45:00,21.2,90.8
2025-04-25 06:45:00,20.6,91.8
2025-04-25 08:45:00,20.1,92.2
2025-04-25 10:45:00,20,91.8
2025-04-25 12:45:00,22.8,83.9
2025-04-25 14:45:00,25.4,72.8
2025-04-25 16:45:00,26.9,65.4
2025-04-25 18:45:00,26.9,59.3
2025-04-25 20:45:00,24.2,77
2025-04-25 22:45:00,23.4,83.5
2025-04-26 00:45:00,22.8,85.7
2025-04-26 02:45:00,21.8,88.4
2025-04-26 04:45:00,20.8,89.7
2025-04-26 06:45:00,20.6,90.6
2025-04-26 08:45:00,20.6,91.1
2025-04-26 10:45:00,20.6,90.9
2025-04-26 12:45:00,24.9,77.7
2025-04-26 14:45:00,26.9,72.7
2025-04-26 16:45:00,27,72.1
2025-04-26 18:45:00,26.8,70.2
2025-04-26 20:45:00,24.6,82.5
2025-04-26 22:45:00,23.6,85.6
2025-04-27 00:45:00,22.5,87.9
2025-04-27 02:45:00,22.4,88.8
2025-04-27 04:45:00,21.9,91
2025-04-27 06:45:00,21.1,91.7
2025-04-27 08:45:00,20.8,93.3
2025-04-27 10:45:00,23.2,87.8
2025-04-27 12:45:00,25.2,78.3
2025-04-27 14:45:00,26.8,73.4
2025-04-27 16:45:00,27.9,68.2
2025-04-27 18:45:00,26.9,78.9
2025-04-27 20:45:00,24.9,84.8
2025-04-27 22:45:00,24.2,85.5
2025-04-28 00:45:00,23.9,89
2025-04-28 02:45:00,23.2,90.8
2025-04-28 04:45:00,22.8,92
2025-04-28 06:45:00,22.8,92.1
2025-04-28 08:45:00,22.5,93.9
2025-04-28 10:45:00,23.1,83.6
2025-04-28 12:45:00,25.4,64.8
2025-04-28 14:45:00,26.8,54.2
2025-04-28 16:45:00,27.4,46.4
2025-04-28 18:45:00,26.5,52
2025-04-28 20:45:00,22.9,76.5
2025-04-28 22:45:00,21.2,82.3
2025-04-29 00:45:00,19.7,83.4
2025-04-29 02:45:00,18.8,83.1
2025-04-29 04:45:00,17.2,82.6
2025-04-29 06:45:00,16.1,81.6
2025-04-29 08:45:00,16.9,80
2025-04-29 10:45:00,20.9,57.4
2025-04-29 12:45:00,22,54.4
2025-04-29 14:45:00,24,43.9
2025-04-29 16:45:00,24.6,46.1
2025-04-29 18:45:00,22.5,61.6
2025-04-29 20:45:00,20.4,71.3
2025-04-29 22:45:00,19.3,77.4
2025-04-30 00:45:00,18.6,79.3
2025-04-30 02:45:00,18.2,82.4
2025-04-30 04:45:00,18.1,84.5
2025-04-30 06:45:00,17.7,86.1
2025-04-30 08:45:00,18.8,83.8
2025-04-30 10:45:00,22.7,69.1
2025-04-30 12:45:00,23.6,59.7
2025-04-30 14:45:00,24.7,57.4
2025-04-30 16:45:00,23.9,61.3
2025-04-30 18:45:00,22.1,68.9
2025-04-30 20:45:00,20.9,75.2
2025-04-30 22:45:00,20.1,80.4
2025-05-01 00:45:00,19.4,83
2025-05-01 02:45:00,18,85.6
2025-05-01 04:45:00,17,87.4
2025-05-01 06:45:00,16.7,88.2
2025-05-01 08:45:00,20.4,78.7
2025-05-01 10:45:00,22.5,72.6
2025-05-01 12:45:00,24.1,62.6
2025-05-01 14:45:00,24.9,57.9
2025-05-01 16:45:00,24.1,65.5
2025-05-01 18:45:00,22.2,76.3
2025-05-01 20:45:00,20.5,83
2025-05-01 22:45:00,19.4,85.7
2025-05-02 00:45:00,18.9,88.1
2025-05-02 02:45:00,19,88.7
2025-05-02 04:45:00,18.4,89.9
2025-05-02 06:45:00,18,90.3
2025-05-09 08:45:00,24,89.9
2025-05-09 10:45:00,23.6,91.3
2025-05-09 12:45:00,23.5,91.2
2025-05-09 14:45:00,23.4,92
2025-05-09 16:45:00,23.1,91.2
2025-05-09 18:45:00,26.8,78.6
2025-05-09 20:45:00,28.1,74.4
2025-05-09 22:45:00,30.1,68.8
2025-05-10 00:45:00,31,69.1
2025-05-10 02:45:00,28.7,81.5
2025-05-10 04:45:00,27.1,87.1
2025-05-10 06:45:00,24.7,87.1
2025-05-10 08:45:00,23.4,86.2
2025-05-10 10:45:00,22.9,86.8
2025-05-10 12:45:00,21.5,89.4
2025-05-10 14:45:00,21,89.1
2025-05-10 16:45:00,21.5,87.6
2025-05-10 18:45:00,24.7,75.5
2025-05-10 20:45:00,25.4,68.2
2025-05-10 22:45:00,26.2,64.8
2025-05-11 00:45:00,26.2,63.1
2025-05-11 02:45:00,23.3,77.3
2025-05-11 04:45:00,22.4,82.4
2025-05-11 06:45:00,22.2,84.4
2025-05-11 08:45:00,21.1,85.9
2025-05-11 10:45:00,19.8,87.9
2025-05-11 12:45:00,18.9,87.4
2025-05-11 14:45:00,18.8,88.1
2025-05-11 16:45:00,21.4,81.1
2025-05-11 18:45:00,23.5,71.9
2025-05-11 20:45:00,25,55.1
2025-05-11 22:45:00,24.8,53.3
2025-05-12 00:45:00,24.1,56.9
2025-05-12 02:45:00,21.9,71.8
2025-05-12 04:45:00,19.9,79.4
2025-05-12 06:45:00,18.8,83.5
2025-05-12 08:45:00,17.6,84.9
2025-05-12 10:45:00,16.7,86
2025-05-12 12:45:00,16.1,86.6
2025-05-12 14:45:00,16.1,87.8
2025-05-12 16:45:00,19.7,78.2
2025-05-12 18:45:00,22.1,70.9
2025-05-12 20:45:00,22.6,73.5
2025-05-12 22:45:00,21.3,84.3
2025-05-13 00:45:00,20.9,88.1
2025-05-13 02:45:00,20.1,89.9
2025-05-13 04:45:00,20,90.1
2025-05-13 06:45:00,19.9,90.2
2025-05-13 08:45:00,19.4,91.3
2025-05-13 10:45:00,19.1,92.9
2025-05-13 12:45:00,19.1,93.3
2025-05-13 14:45:00,18.9,93.3
2025-05-13 16:45:00,20.5,92.3
2025-05-13 18:45:00,22.1,88.9
2025-05-13 20:45:00,22.7,87.1
2025-05-13 22:45:00,22,90.4
2025-05-14 00:45:00,20.9,91.4
2025-05-14 02:45:00,20.1,93.3
2025-05-14 04:45:00,20.4,93.5
2025-05-14 06:45:00,20.4,92.7
2025-05-14 08:45:00,19.9,94.3
2025-05-14 10:45:00,19.7,95.3
2025-05-14 12:45:00,19.4,95.9
2025-05-14 14:45:00,20.2,94.5
2025-05-14 16:45:00,24.3,83.3
2025-05-14 18:45:00,24.9,73.2
2025-05-14 20:45:00,25,75.9
2025-05-14 22:45:00,24.9,76.5
2025-05-15 00:45:00,22.8,86.9
2025-05-15 02:45:00,22.1,88.2
2025-05-15 04:45:00,20.7,90.2
2025-05-15 06:45:00,19.8,91.4
2025-05-15 08:45:00,19.9,91.6
2025-05-15 10:45:00,19.6,92.8
2025-05-15 12:45:00,19.5,93.1
2025-05-15 14:45:00,20.1,92.6
2025-05-15 16:45:00,22.1,85.8
2025-05-15 18:45:00,24.3,79.6
2025-05-15 20:45:00,24.8,78.5
2025-05-15 22:45:00,24.1,79
2025-05-16 00:45:00,22.6,85.2
2025-05-16 02:45:00,21.6,89.8
2025-05-16 04:45:00,20.9,91.3
2025-05-16 06:45:00,20.2,93
2025-05-16 08:45:00,19.7,94
2025-05-16 10:45:00,19.9,94.3
2025-05-16 12:45:00,19.6,94.8
2025-05-16 14:45:00,20.4,93.5
2025-05-16 16:45:00,22.9,85.6
2025-05-16 18:45:00,24.7,72.9
2025-05-16 20:45:00,25.6,68.9
2025-05-16 22:45:00,25,77.3
2025-05-17 00:45:00,22.8,87.1
2025-05-17 02:45:00,21.6,91.1
2025-05-17 04:45:00,21.4,91.6
2025-05-17 06:45:00,21.1,92.5
2025-05-17 08:45:00,20.6,93.6
2025-05-17 10:45:00,20.3,93.5
2025-05-17 12:45:00,20.4,94
2025-05-17 14:45:00,22.5,90.4
2025-05-17 16:45:00,24.9,78.3
2025-05-17 18:45:00,26.5,68.3
2025-05-17 20:45:00,26.1,71.7
2025-05-17 22:45:00,24.4,83.6
2025-05-18 00:45:00,23.2,87.7
2025-05-18 02:45:00,22.3,90.2
2025-05-18 04:45:00,21.7,91.4
2025-05-18 06:45:00,21.6,92.1
2025-05-18 08:45:00,21.5,93.1
2025-05-18 10:45:00,21,93.9
2025-05-18 12:45:00,20.9,93.4
2025-05-18 14:45:00,24.2,84.1
2025-05-18 16:45:00,25.1,77.3
2025-05-18 18:45:00,26.7,72.5
2025-05-18 20:45:00,27.4,75.1
2025-05-18 22:45:00,25.1,85.5
2025-05-19 00:45:00,23.4,90
2025-05-19 02:45:00,23.5,89.9
2025-05-19 04:45:00,23.1,92.9
2025-05-19 06:45:00,22.6,94.2
2025-05-19 08:45:00,22.5,94.6
2025-05-19 10:45:00,22.1,94.8
2025-05-19 12:45:00,22,94.2
2025-05-19 14:45:00,24,88
2025-05-19 16:45:00,24.9,86.5
2025-05-19 18:45:00,25.7,83.7
2025-05-19 20:45:00,24.8,87.3
2025-05-19 22:45:00,23.6,88.7
2025-05-20 00:45:00,23.4,88.2
2025-05-20 02:45:00,23.1,90
2025-05-20 04:45:00,22.6,91.4
2025-05-20 06:45:00,22.1,92.8
2025-05-20 08:45:00,21.8,94
2025-05-20 10:45:00,21.6,94.6
2025-05-20 12:45:00,23.9,89
2025-05-20 14:45:00,26,78.9
2025-05-20 16:45:00,27.6,74.5
2025-05-20 18:45:00,27.9,72.8
2025-05-20 20:45:00,27.3,79.2
2025-05-20 22:45:00,25.2,85.4
2025-05-21 00:45:00,24.7,80.2
2025-05-21 02:45:00,23.9,84.8
2025-05-21 04:45:00,23.4,88.1
2025-05-21 06:45:00,22.9,89.7
2025-05-21 08:45:00,22.4,89.7
2025-05-21 10:45:00,21.7,91.4
2025-05-21 12:45:00,21.3,90.4
2025-05-21 14:45:00,22.2,87.6
2025-05-21 16:45:00,22.4,85.8
2025-05-21 18:45:00,21.7,85.6
2025-05-21 20:45:00,20.7,89.2
2025-05-21 22:45:00,20.1,91
2025-05-22 00:45:00,20,90.4
2025-05-22 02:45:00,19.7,90.2
2025-05-22 04:45:00,19,90.2
2025-05-22 06:45:00,18.9,91.1
2025-05-22 08:45:00,18.7,91.9
2025-05-22 10:45:00,18.5,92
2025-05-22 12:45:00,19.1,91.6
2025-05-22 14:45:00,19.4,90.4
2025-05-22 16:45:00,19.1,89
2025-05-22 18:45:00,18.4,88.6
2025-05-22 20:45:00,19.2,88
2025-05-22 22:45:00,19.2,89.3
2025-05-23 00:45:00,18.9,90.2
2025-05-23 02:45:00,18.4,91.1
2025-05-23 04:45:00,17.9,92
2025-05-23 06:45:00,17.7,93.2
2025-05-23 08:45:00,17.7,93.5
2025-05-23 10:45:00,18.2,91.1
2025-05-23 12:45:00,19.6,88.1
2025-05-23 14:45:00,21.5,81.2
2025-05-23 16:45:00,21,83
2025-05-23 18:45:00,19.8,89.8
2025-05-23 20:45:00,18.9,91.7
2025-05-23 22:45:00,18.8,92.5
2025-05-24 00:45:00,19,91.9
2025-05-24 02:45:00,18.7,92.7
2025-05-24 04:45:00,18.4,94
2025-05-24 06:45:00,18.2,94.2
2025-05-24 08:45:00,18.2,94.9
2025-05-24 10:45:00,18.9,93.5
2025-05-24 12:45:00,20.2,91.3
2025-05-24 14:45:00,21.2,90.4
2025-05-24 16:45:00,21.1,90.5
2025-05-24 18:45:00,21.2,90.8
2025-05-24 20:45:00,20.7,92.1
2025-05-24 22:45:00,20.1,93.3
2025-05-25 00:45:00,20,94.1
2025-05-25 02:45:00,19.9,93.2
2025-05-25 04:45:00,19.2,91.3
2025-05-25 06:45:00,18.5,94.8
2025-05-25 08:45:00,18.6,94.5
2025-05-25 10:45:00,19.2,94.3
2025-05-25 12:45:00,22.7,84
2025-05-25 14:45:00,24.2,78.3
2025-05-25 16:45:00,23.9,79.4
2025-05-25 18:45:00,22.6,87.3
2025-05-25 20:45:00,22,90
2025-05-25 22:45:00,20.9,93.4
2025-05-26 00:45:00,20.9,92.9
2025-05-26 02:45:00,20.5,93.8
2025-05-26 04:45:00,20.3,94.5
2025-05-26 06:45:00,20,95.8
2025-05-26 08:45:00,20.3,95.5
2025-05-26 10:45:00,22.3,89.8
2025-05-26 12:45:00,24.4,78.5
2025-05-26 14:45:00,25.9,75.9
2025-05-26 16:45:00,25.4,78.8
2025-05-26 18:45:00,23.4,88.2
2025-05-26 20:45:00,22.4,89.2
2025-05-26 22:45:00,21.5,92.1
2025-05-27 00:45:00,21.5,91.9
2025-05-27 02:45:00,21.3,92.3
2025-05-27 04:45:00,21,93.2
2025-05-27 06:45:00,21,93.9
2025-05-27 08:45:00,21.3,93.5
2025-05-27 10:45:00,24.6,83.2
2025-05-27 12:45:00,24.8,82.8
2025-05-27 14:45:00,26,80.8
2025-05-27 16:45:00,26.6,80.9
2025-05-27 18:45:00,24.3,90.1
2025-05-27 20:45:00,23.3,92.6
2025-05-27 22:45:00,22.6,93.1
2025-05-28 00:45:00,22.2,94.5
2025-05-28 02:45:00,21.5,94.5
2025-05-28 04:45:00,20.7,94.5
2025-05-28 06:45:00,20.5,95.3
2025-05-28 08:45:00,21.2,93.9
2025-05-28 10:45:00,21.9,92.3
2025-05-28 12:45:00,23.7,89.1
2025-05-28 14:45:00,24.3,86.1
2025-05-28 16:45:00,23.3,90.3
2025-05-28 18:45:00,21.4,74.8
2025-05-28 20:45:00,20.2,76.7
2025-05-28 22:45:00,18.6,70.1
2025-05-29 00:45:00,17,67.2
2025-05-29 02:45:00,15.8,67.5
2025-05-29 04:45:00,14.9,65.1
2025-05-29 06:45:00,14,64.8
2025-05-29 08:45:00,14.9,61.9
2025-05-29 10:45:00,15.3,61.5
2025-05-29 12:45:00,16.8,55.8
2025-05-29 14:45:00,17.1,54.3
2025-05-29 16:45:00,18.5,54.4
2025-05-29 18:45:00,19,53.7
2025-05-29 20:45:00,16.8,62.6
2025-05-29 22:45:00,15.8,64.7
2025-05-30 00:45:00,14.9,69.5
2025-05-30 02:45:00,13.9,71.8
2025-05-30 04:45:00,13.3,75.1
2025-05-30 06:45:00,12.1,80.4
2025-05-30 08:45:00,11.3,81.8
2025-05-30 10:45:00,15.1,72.1
2025-05-30 12:45:00,17.9,60.5
2025-05-30 14:45:00,19.2,59.3
2025-05-30 16:45:00,20,58
2025-05-30 18:45:00,19.5,62.8
2025-05-30 20:45:00,18.5,72.2
2025-05-30 22:45:00,17.9,78
2025-05-31 00:45:00,17.2,82.9
2025-05-31 02:45:00,16.1,86.3
2025-05-31 04:45:00,15.3,87.9
2025-05-31 06:45:00,15,88.7
2025-05-31 08:45:00,14.4,88.9
2025-05-31 10:45:00,15.6,84.9
2025-05-31 12:45:00,18.3,72.5
2025-05-31 14:45:00,19.8,65.9
2025-05-31 16:45:00,21.1,64.8
2025-05-31 18:45:00,19.8,71.7
2025-05-31 20:45:00,17.2,82.4
2025-05-31 22:45:00,15.9,85
2025-06-01 00:45:00,15,86
2025-06-01 02:45:00,14,87.3
2025-06-01 04:45:00,13.3,88.1
2025-06-01 06:45:00,12.6,89.1
2025-06-01 08:45:00,12.3,89.5
2025-06-01 10:45:00,16.4,81
2025-06-01 12:45:00,18.5,76.2
2025-06-01 14:45:00,20.4,63.7
2025-06-01 16:45:00,20.8,69.8
2025-06-01 18:45:00,19.3,77.2
2025-06-01 20:45:00,19,78.1
2025-06-01 22:45:00,18.3,82.5
2025-06-02 00:45:00,17.8,86.2
2025-06-02 02:45:00,17.4,87.5
2025-06-02 04:45:00,17.1,88.4
2025-06-02 06:45:00,16.9,89.2
2025-06-02 08:45:00,16.8,89.6
2025-06-02 10:45:00,18.7,83.4
2025-06-02 12:45:00,20.1,78.2
2025-06-02 14:45:00,20.8,76.9
2025-06-02 16:45:00,21.5,77.2
2025-06-02 18:45:00,20.8,80.7
2025-06-02 20:45:00,20.2,84.1
2025-06-02 22:45:00,19.9,84.8
2025-06-03 00:45:00,19.1,86.6
2025-06-03 02:45:00,18.4,89
2025-06-03 04:45:00,18,90.4
2025-06-03 06:45:00,17.7,90.7
2025-06-03 08:45:00,17.6,91.3
2025-06-03 10:45:00,19.9,86
2025-06-03 12:45:00,20.4,85
2025-06-03 14:45:00,22.2,80.1
2025-06-03 16:45:00,22.4,82.5
2025-06-03 18:45:00,21,86.9
2025-06-03 20:45:00,20.6,88.5
2025-06-03 22:45:00,20.1,87.5
2025-06-04 00:45:00,19.1,88
2025-06-04 02:45:00,18.6,90.2
2025-06-04 04:45:00,18.1,91.7
2025-06-04 06:45:00,18.1,91.5
2025-06-04 08:45:00,19.8,88.6
2025-06-04 10:45:00,22.2,83.4
2025-06-04 12:45:00,24,76.6
2025-06-04 14:45:00,22.6,81
2025-06-04 16:45:00,24.1,77.5
2025-06-04 18:45:00,25.1,75.9
2025-06-04 20:45:00,23.6,85.7
2025-06-04 22:45:00,22.9,88.2
2025-06-05 00:45:00,22.6,89
2025-06-05 02:45:00,21.7,91.1
2025-06-05 04:45:00,21.1,93.6
2025-06-05 06:45:00,20.8,94.7
2025-06-05 08:45:00,20.7,95.2
2025-06-05 10:45:00,20.5,95.8
2025-06-05 12:45:00,21.7,92.4
2025-06-05 14:45:00,21.4,93.1
2025-06-05 16:45:00,21.9,92.6
2025-06-05 18:45:00,22.9,89.2
2025-06-05 20:45:00,22,91.7
2025-06-05 22:45:00,20.9,92.7
2025-06-06 00:45:00,21.4,92
2025-06-06 02:45:00,20.5,91.8
2025-06-06 04:45:00,20.3,92.2
2025-06-06 06:45:00,19.8,93.9
2025-06-06 08:45:00,19.5,94.4
2025-06-06 10:45:00,19.7,93.6
2025-06-06 12:45:00,20.6,88.6
2025-06-06 14:45:00,21.6,86.4
2025-06-06 16:45:00,22.8,82.3
2025-06-06 18:45:00,22.4,83.9
2025-06-06 20:45:00,20.8,84.1
2025-06-06 22:45:00,20.2,85.3
2025-06-07 00:45:00,19.9,87
2025-06-07 02:45:00,19.6,89.3
2025-06-07 04:45:00,19.2,91
2025-06-07 06:45:00,18.9,90.5
2025-06-07 08:45:00,18.6,91.5
2025-06-07 10:45:00,19.1,90.9
2025-06-07 12:45:00,20.1,85.6
2025-06-07 14:45:00,21.2,81.1
2025-06-07 16:45:00,21.1,80.2
2025-06-07 18:45:00,20.6,84.5
2025-06-07 20:45:00,19.9,86.8
2025-06-07 22:45:00,19.2,90.3
2025-06-08 00:45:00,18.9,92.1
2025-06-08 02:45:00,18.7,92.3
2025-06-08 04:45:00,18.2,94.6
2025-06-08 06:45:00,18.5,93.8
2025-06-08 08:45:00,18.4,94.1
2025-06-08 10:45:00,18.9,93.2
2025-06-08 12:45:00,20,91
2025-06-08 14:45:00,22.1,83.8
2025-06-08 16:45:00,22.9,82.4
2025-06-08 18:45:00,21.6,82.5
2025-06-08 20:45:00,21.1,80.2
2025-06-08 22:45:00,20.1,83
2025-06-09 00:45:00,19.3,88.3
2025-06-09 02:45:00,18.7,89.4
2025-06-09 04:45:00,17.8,89.5
2025-06-09 06:45:00,17.1,89.2
2025-06-09 08:45:00,17.2,89.9
2025-06-09 10:45:00,19.4,85.3
2025-06-09 12:45:00,20.4,80.9
2025-06-09 14:45:00,20.9,82.1
2025-06-09 16:45:00,21.3,78.9
2025-06-09 18:45:00,20.1,83.5
2025-06-09 20:45:00,19.3,86.5
2025-06-09 22:45:00,19.7,85.4
2025-06-10 00:45:00,18.6,85.6
2025-06-10 02:45:00,17.1,87.7
2025-06-10 04:45:00,16.5,87.5
2025-06-10 06:45:00,15.8,86.8
2025-06-10 08:45:00,15.8,87.2
2025-06-10 10:45:00,18.5,82.5
2025-06-10 12:45:00,20.3,76.4
2025-06-10 14:45:00,21.4,62.6
2025-06-10 16:45:00,21.8,62
2025-06-10 18:45:00,19.9,76.2
2025-06-10 20:45:00,18.3,80.2
2025-06-10 22:45:00,17.4,81.6
2025-06-11 00:45:00,16.8,84.1
2025-06-11 02:45:00,16.3,86.8
2025-06-11 04:45:00,15.6,86.3
2025-06-11 06:45:00,15,85.6
2025-06-11 08:45:00,16.9,80.7
2025-06-11 10:45:00,17.7,74.5
2025-06-11 12:45:00,18.6,67.8
2025-06-11 14:45:00,20.4,57
2025-06-11 16:45:00,19.8,64.8
2025-06-11 18:45:00,17.7,74.9
2025-06-11 20:45:00,17.4,75.8
2025-06-11 22:45:00,15.8,76.5
2025-06-12 00:45:00,14.1,79.4
2025-06-12 02:45:00,12.9,81.4
2025-06-12 04:45:00,12.1,82.4
2025-06-12 06:45:00,11.6,83.3
2025-06-12 08:45:00,12.8,81.6
2025-06-12 10:45:00,11.9,82.7
2025-06-12 12:45:00,11.5,83.6
2025-06-12 14:45:00,17.1,71.2
2025-06-12 16:45:00,17,71.2
2025-06-12 18:45:00,20.5,62.3
2025-06-12 20:45:00,19.9,66.5
2025-06-12 22:45:00,19.4,74.2
2025-06-13 00:45:00,17.9,79
2025-06-13 02:45:00,15.8,82.5
2025-06-13 04:45:00,15.5,83.5
2025-06-13 06:45:00,14.4,85
2025-06-13 08:45:00,14.2,87.7
2025-06-13 10:45:00,14.2,88.5
2025-06-13 12:45:00,16,85
2025-06-13 14:45:00,17.5,84.5
2025-06-13 16:45:00,17.9,84.2
2025-06-13 18:45:00,19.9,84.7
2025-06-13 20:45:00,19.5,86.3
2025-06-13 22:45:00,18,90.4
2025-06-14 00:45:00,18.2,88.5
2025-06-14 02:45:00,18.4,87.8
2025-06-14 04:45:00,18.1,88.9
2025-06-14 06:45:00,17.4,91.2
2025-06-14 08:45:00,16.9,92.4
2025-06-14 10:45:00,16.9,93.8
2025-06-14 12:45:00,17.1,94.5
2025-06-14 14:45:00,18.8,92.1
2025-06-14 16:45:00,22.6,74.3
2025-06-14 18:45:00,22.7,72.4
2025-06-14 20:45:00,21.8,73.4
2025-06-14 22:45:00,19.9,83.1
2025-06-15 00:45:00,18.7,86.8
2025-06-15 02:45:00,18.6,86.1
2025-06-15 04:45:00,18.6,85.9
2025-06-15 06:45:00,17.7,89.9
2025-06-15 08:45:00,17.6,90.7
2025-06-15 10:45:00,17.4,92.2
2025-06-15 12:45:00,17.3,93.2
2025-06-15 14:45:00,18.7,90.8
2025-06-15 16:45:00,20.7,83.6
2025-06-15 18:45:00,21.7,78.5
2025-06-15 20:45:00,21,85
2025-06-15 22:45:00,19.2,90.9
2025-06-16 00:45:00,19.2,89.2
2025-06-16 02:45:00,18.2,90.4
2025-06-16 04:45:00,17.3,91.5
2025-06-16 06:45:00,17.2,90.9
2025-06-16 08:45:00,16.3,89.5
2025-06-16 10:45:00,15.4,88.6
2025-06-16 12:45:00,18.8,80.4
2025-06-16 14:45:00,20.4,77.1
2025-06-16 16:45:00,22.1,75
2025-06-16 18:45:00,22.6,76.6
2025-06-16 20:45:00,21.1,85.1
2025-06-16 22:45:00,20.2,89.4
2025-06-17 00:45:00,20.7,88.7
2025-06-17 02:45:00,20.8,88
2025-06-17 04:45:00,19.6,90.8
2025-06-17 06:45:00,18.9,91.4
2025-06-17 08:45:00,18.5,92.7
2025-06-17 10:45:00,18.6,92.2
2025-06-17 12:45:00,22.3,83.9
2025-06-17 14:45:00,23,81.7
2025-06-17 16:45:00,24.3,79.3
2025-06-17 18:45:00,24.9,80.9
2025-06-17 20:45:00,23.8,85.7
2025-06-17 22:45:00,22,86.8
2025-06-18 00:45:00,21.6,89.2
2025-06-18 02:45:00,21,89.4
2025-06-18 04:45:00,20.7,91
2025-06-18 06:45:00,20.5,92.3
2025-06-18 08:45:00,19.9,92.2
2025-06-18 10:45:00,20.2,91.6
2025-06-18 12:45:00,22.2,87.2
2025-06-18 14:45:00,23.9,80.7
2025-06-18 16:45:00,25.7,73.6
2025-06-18 18:45:00,25.2,81
2025-06-18 20:45:00,21.9,87.6
2025-06-18 22:45:00,21.9,88.9
2025-06-19 00:45:00,22,87.8
2025-06-19 02:45:00,21.6,88.8
2025-06-19 04:45:00,21.2,90.3
2025-06-19 06:45:00,20.9,91.5
2025-06-19 08:45:00,20.4,92.5
2025-06-19 10:45:00,21.5,89.6
2025-06-19 12:45:00,21.6,89.8
2025-06-19 14:45:00,23.8,83.3
2025-06-19 16:45:00,23.9,83.7
2025-06-19 18:45:00,23.4,87.9
2025-06-19 20:45:00,22.9,88.1
2025-06-19 22:45:00,22.1,91.6
2025-06-20 00:45:00,21.6,91.9
2025-06-20 02:45:00,21.2,88.8
2025-06-20 04:45:00,20.4,92
2025-06-20 06:45:00,20.1,92.5
2025-06-20 08:45:00,19.9,93.7
2025-06-20 10:45:00,20.8,91.2
2025-06-20 12:45:00,22.1,88.3
2025-06-20 14:45:00,23.3,82.5
2025-06-20 16:45:00,23,88.2
2025-06-20 18:45:00,22.9,89.5
2025-06-20 20:45:00,22.4,90.5
2025-06-20 22:45:00,21,92
2025-06-21 00:45:00,19.8,88.7
2025-06-21 02:45:00,19,87.5
2025-06-21 04:45:00,18.3,87.6
2025-06-21 06:45:00,17.2,88.8
2025-06-21 08:45:00,16.7,88.7
2025-06-21 10:45:00,20.4,79.7
2025-06-21 12:45:00,21.8,68.8
2025-06-21 14:45:00,23,66.8
2025-06-21 16:45:00,22.4,67.3
2025-06-21 18:45:00,20.7,79.9
2025-06-21 20:45:00,20.2,81.6
2025-06-21 22:45:00,19.7,84.4
2025-06-22 00:45:00,19.1,86.9
2025-06-22 02:45:00,19.5,87.7
2025-06-22 04:45:00,18.6,90.7
2025-06-22 06:45:00,18.6,91.8
2025-06-22 08:45:00,18.3,93.1
2025-06-22 10:45:00,21,87
2025-06-22 12:45:00,20.9,85.5
2025-06-22 14:45:00,20.1,90.1
2025-06-22 16:45:00,20.1,91.3
2025-06-22 18:45:00,19.3,94.2
2025-06-22 20:45:00,20.5,90.4
2025-06-22 22:45:00,19.6,92.2
2025-06-23 00:45:00,19.5,91.8
2025-06-23 02:45:00,18.8,93.7
2025-06-23 04:45:00,18.9,93.3
2025-06-23 06:45:00,18.2,93.7
2025-06-23 08:45:00,18.4,92.1
2025-06-23 10:45:00,19.4,88
2025-06-23 12:45:00,20.3,85.6
2025-06-23 14:45:00,21.4,79.6
2025-06-23 16:45:00,20.2,78.5
2025-06-23 18:45:00,18.9,80
2025-06-23 20:45:00,17.8,80.4
2025-06-23 22:45:00,16.2,81.1
2025-06-24 00:45:00,14.4,62.3
2025-06-24 02:45:00,12.4,55.3
2025-06-24 04:45:00,11,58.9
2025-06-24 06:45:00,9.8,59.5
2025-06-24 08:45:00,11.4,51.4
2025-06-24 10:45:00,11.6,48.1
2025-06-24 12:45:00,13.2,41.6
2025-06-24 14:45:00,15.6,35.2
2025-06-24 16:45:00,16.6,37.4
2025-06-24 18:45:00,13.1,60.2
2025-06-24 20:45:00,12.3,66.7
2025-06-24 22:45:00,11.5,71
2025-06-25 00:45:00,9.8,74.4
2025-06-25 02:45:00,9.8,73.4
2025-06-25 04:45:00,7.9,77.4
2025-06-25 06:45:00,7.1,79
2025-06-25 08:45:00,10.9,70.1
2025-06-25 10:45:00,14.6,56.2
2025-06-25 12:45:00,16.1,50.9
2025-06-25 14:45:00,18.1,49.7
2025-06-25 16:45:00,18.1,54.4
2025-06-25 18:45:00,14.8,76
2025-06-25 20:45:00,13.8,80.5
2025-06-25 22:45:00,14.1,78.9
2025-06-26 00:45:00,12.8,82.8
2025-06-26 02:45:00,12.3,85.3
2025-06-26 04:45:00,12.3,86.5
2025-06-26 06:45:00,11.8,88.4
2025-06-26 08:45:00,13.8,86
2025-06-26 10:45:00,14.6,86.3
2025-06-26 12:45:00,14.8,86.1
2025-06-26 14:45:00,16.9,81
2025-06-26 16:45:00,20.1,67.1
2025-06-26 18:45:00,18.9,66.8
2025-06-26 20:45:00,20.3,75.8
2025-06-26 22:45:00,18.5,80.2
2025-06-27 00:45:00,18.1,84.6
2025-06-27 02:45:00,18,88.1
2025-06-27 04:45:00,17.9,89.3
2025-06-27 06:45:00,17.9,89.7
2025-06-27 08:45:00,18.2,77
2025-06-27 10:45:00,18.8,75
2025-06-27 12:45:00,20,85.9
2025-06-27 14:45:00,19.9,85.3
2025-06-27 16:45:00,17.9,84.5
2025-06-27 18:45:00,17.9,84.3
2025-06-27 20:45:00,18,88.9
2025-06-27 22:45:00,20.6,66.5
2025-06-28 00:45:00,18.8,83.8
2025-06-28 02:45:00,18.5,89.1
2025-06-28 04:45:00,17.8,84.5
2025-06-28 06:45:00,17.7,84.8
2025-06-28 08:45:00,17.7,86
2025-06-28 10:45:00,17.9,87.1
2025-06-28 12:45:00,18.8,65.4
2025-06-28 14:45:00,18.7,71.4
2025-06-28 16:45:00,18.2,82.3
2025-06-28 18:45:00,18.3,83.9
2025-06-28 20:45:00,18.5,65.3
2025-06-28 22:45:00,18.4,74.5
2025-06-29 00:45:00,18.9,81.6
2025-06-29 02:45:00,18.5,88
2025-06-29 04:45:00,18.5,90.6
2025-06-29 06:45:00,18.4,91.8
2025-06-29 08:45:00,18.4,91.8
2025-06-29 10:45:00,21.7,81.7
2025-06-29 12:45:00,21,59.1
2025-06-29 14:45:00,20.9,75
2025-06-29 16:45:00,20.3,70.6
2025-06-29 18:45:00,19.6,78.5
2025-06-29 20:45:00,19.9,71.8
2025-06-29 22:45:00,20.9,76.5
2025-06-30 00:45:00,20.5,83.6
2025-06-30 02:45:00,19.9,88.5
2025-06-30 04:45:00,19.8,91.3
2025-06-30 06:45:00,19.6,92.1
2025-06-30 08:45:00,20.1,67
2025-06-30 10:45:00,19.1,75.9
2025-06-30 12:45:00,18.8,80.2
2025-06-30 14:45:00,18.8,82.9
2025-06-30 16:45:00,18.8,84
2025-06-30 18:45:00,15.5,88.2
2025-06-30 20:45:00,16.4,84
2025-06-30 22:45:00,15.8,85.7
2025-07-01 00:45:00,14.8,88.2
2025-07-01 02:45:00,14.2,89.2
2025-07-01 04:45:00,13.4,88.5
2025-07-01 06:45:00,13,86.1
2025-07-01 08:45:00,12.3,78.9
2025-07-01 10:45:00,13.9,68.7
2025-07-01 12:45:00,14.1,62.7
2025-07-01 14:45:00,15,56.8
2025-07-01 16:45:00,16.2,59.9
2025-07-01 18:45:00,14.4,74.2
2025-07-01 20:45:00,11.5,83.7
2025-07-01 22:45:00,13.6,81.7
2025-07-02 00:45:00,13.1,82.3
2025-07-02 02:45:00,12.4,84.8
2025-07-02 04:45:00,12.3,87.1
2025-07-02 06:45:00,12.1,88.4
2025-07-02 08:45:00,13.1,87.1
2025-07-02 10:45:00,14,81.2
2025-07-02 12:45:00,15.1,71.8
2025-07-02 14:45:00,16,69.3
2025-07-02 16:45:00,15.6,77.7
2025-07-02 18:45:00,14.3,81.1
2025-07-02 20:45:00,14,81.4
2025-07-02 22:45:00,12.5,82.8
2025-07-03 00:45:00,11.9,82.4
2025-07-03 02:45:00,11.4,85.2
2025-07-03 04:45:00,10.8,86.7
2025-07-03 06:45:00,10.8,87.6
2025-07-03 08:45:00,11.1,85.7
2025-07-03 10:45:00,10.8,86.9
2025-07-03 12:45:00,10.9,87.9
2025-07-03 14:45:00,15.1,74.7
2025-07-03 16:45:00,15.7,71.7
2025-07-03 18:45:00,19.3,64.6
2025-07-03 20:45:00,19.2,67.6
2025-07-03 22:45:00,17.5,73.2
2025-07-04 00:45:00,15.9,85.2
2025-07-04 02:45:00,15.4,86.3
2025-07-04 04:45:00,14.6,88.1
2025-07-04 06:45:00,14.1,89.2
2025-07-04 08:45:00,13.9,90.2
2025-07-04 10:45:00,13.8,91.6
2025-07-04 12:45:00,14.4,91.1
2025-07-04 14:45:00,16.8,84.8
2025-07-04 16:45:00,18,82.7
2025-07-04 18:45:00,19.9,79
2025-07-04 20:45:00,18.7,84.3
2025-07-04 22:45:00,17.9,87.8
2025-07-05 00:45:00,17.6,88.4
2025-07-05 02:45:00,16.6,90.5
2025-07-05 04:45:00,16.8,91.2
2025-07-05 06:45:00,16.1,92.3
2025-07-05 08:45:00,15.7,92.7
2025-07-05 10:45:00,15.4,93.4
2025-07-05 12:45:00,15.8,93.2
2025-07-05 14:45:00,19.3,83.5
2025-07-05 16:45:00,21,73.2
2025-07-05 18:45:00,21.6,67.8
2025-07-05 20:45:00,20.7,73.2
2025-07-05 22:45:00,17.7,86.6
2025-07-06 00:45:00,17.2,85.6
2025-07-06 02:45:00,16.2,85.8
2025-07-06 04:45:00,15.6,87.1
2025-07-06 06:45:00,15.4,88
2025-07-06 08:45:00,15.2,89.2
2025-07-06 10:45:00,14.8,88.9
2025-07-06 12:45:00,14.8,87.3
2025-07-06 14:45:00,16.9,81.1
2025-07-06 16:45:00,18.8,76.8
2025-07-06 18:45:00,19.9,71.4
2025-07-06 20:45:00,19.3,77.4
2025-07-06 22:45:00,16.4,84.9
2025-07-07 00:45:00,15.8,84.2
2025-07-07 02:45:00,15.4,82.7
2025-07-07 04:45:00,13.9,84.7
2025-07-07 06:45:00,13.5,86.4
2025-07-07 08:45:00,13.1,88.6
2025-07-07 10:45:00,12.4,89.6
2025-07-07 12:45:00,14.4,85.9
2025-07-07 14:45:00,17.2,80.5
2025-07-07 16:45:00,19.5,68.1
2025-07-07 18:45:00,20.6,65.5
2025-07-07 20:45:00,18.5,77.7
2025-07-07 22:45:00,16.7,82.8
2025-07-08 00:45:00,15.1,85.3
2025-07-08 02:45:00,13.9,85.9
2025-07-08 04:45:00,13.3,86.5
2025-07-08 06:45:00,12.5,87.4
2025-07-08 08:45:00,12.5,88.3
2025-07-08 10:45:00,12.9,87.9
2025-07-08 12:45:00,16.6,77.1
2025-07-08 14:45:00,18.6,73.9
2025-07-08 16:45:00,21,67.6
2025-07-08 18:45:00,21.6,67.8
2025-07-08 20:45:00,19.8,77.8
2025-07-08 22:45:00,18.5,83.3
2025-07-09 00:45:00,17.1,86.8
2025-07-09 02:45:00,16.1,88.3
2025-07-09 04:45:00,16.5,87.4
2025-07-09 06:45:00,16.2,89.8
2025-07-09 08:45:00,16,91.2
2025-07-09 10:45:00,16.3,90.9
2025-07-09 12:45:00,19.6,77.8
2025-07-09 14:45:00,20.9,68.5
2025-07-09 16:45:00,21.2,61.2
2025-07-09 18:45:00,20.5,75.2
2025-07-09 20:45:00,17.4,80.4
2025-07-09 22:45:00,16.6,85.3
2025-07-10 00:45:00,16.1,86.6
2025-07-10 02:45:00,15.6,85.6
2025-07-10 04:45:00,15.1,87.5
2025-07-10 06:45:00,15,88.2
2025-07-10 08:45:00,14.8,89.3
2025-07-10 10:45:00,16.3,87.6
2025-07-10 12:45:00,18.7,79.7
2025-07-10 14:45:00,20.1,77.7
2025-07-10 16:45:00,21.4,71.5
2025-07-10 18:45:00,20.4,80.1
2025-07-10 20:45:00,18.7,85.2
2025-07-10 22:45:00,18.8,86
2025-07-11 00:45:00,18.7,86.3
2025-07-11 02:45:00,17.7,89.7
2025-07-11 04:45:00,17.3,91.1
2025-07-11 06:45:00,17.1,92.3
2025-07-11 08:45:00,17.1,93.1
2025-07-11 10:45:00,18.8,88.5
2025-07-11 12:45:00,20.7,81.2
2025-07-11 14:45:00,22.4,70.2
2025-07-11 16:45:00,22.4,69.7
2025-07-11 18:45:00,21.2,83.2
2025-07-11 20:45:00,19.5,85.1
2025-07-11 22:45:00,19,86.7
2025-07-12 00:45:00,18.6,86.4
2025-07-12 02:45:00,17.6,87.8
2025-07-12 04:45:00,17.1,89.5
2025-07-12 06:45:00,16.8,90.5
2025-07-12 08:45:00,16.8,91.4
2025-07-12 10:45:00,19.1,87.1
2025-07-12 12:45:00,21,82.5
2025-07-12 14:45:00,22.1,80.2
2025-07-12 16:45:00,21.2,83.4
2025-07-12 18:45:00,20.1,86.7
2025-07-12 20:45:00,19.3,87.3
2025-07-12 22:45:00,18.8,86.4
2025-07-13 00:45:00,17.9,89.9
2025-07-13 02:45:00,18.2,90.5
2025-07-13 04:45:00,17.5,92.3
2025-07-13 06:45:00,18,91.4
2025-07-13 08:45:00,17.9,91.6
2025-07-13 10:45:00,20.7,84.9
2025-07-13 12:45:00,22.1,79.2
2025-07-13 14:45:00,23.3,75.7
2025-07-13 16:45:00,22.7,73.5
2025-07-13 18:45:00,21.4,83.5
2025-07-13 20:45:00,20.1,86.8
2025-07-13 22:45:00,19.4,88
2025-07-14 00:45:00,18.8,89.7
2025-07-14 02:45:00,17.9,89.8
2025-07-14 04:45:00,17.4,90.8
2025-07-14 06:45:00,17.1,91.9
2025-07-14 08:45:00,18.6,88.8
2025-07-14 10:45:00,20.7,83.5
2025-07-14 12:45:00,20.3,85.7
2025-07-14 14:45:00,21.8,75.3
2025-07-14 16:45:00,22.7,69
2025-07-14 18:45:00,22.5,77.2
2025-07-14 20:45:00,21.5,82.8
2025-07-14 22:45:00,20.4,84.2
2025-07-15 00:45:00,20.1,85.5
2025-07-15 02:45:00,19.3,87.8
2025-07-15 04:45:00,19,88.9
2025-07-15 06:45:00,18.7,90.5
2025-07-15 08:45:00,18.6,91.3
2025-07-15 10:45:00,20.3,86.8
2025-07-15 12:45:00,21.3,79.5
2025-07-15 14:45:00,22.1,75.5
2025-07-15 16:45:00,23.2,71.9
2025-07-15 18:45:00,23,78.9
2025-07-15 20:45:00,21,84.9
2025-07-15 22:45:00,20.4,85.7
2025-07-16 00:45:00,19.9,86
2025-07-16 02:45:00,19.3,88.6
2025-07-16 04:45:00,18.9,90.2
2025-07-16 06:45:00,18.4,91.2
2025-07-16 08:45:00,18.4,91.1
2025-07-16 10:45:00,20.9,84.1
2025-07-16 12:45:00,21.1,80.2
2025-07-16 14:45:00,22.4,75.7
2025-07-16 16:45:00,23,74.4
2025-07-16 18:45:00,23.4,79.1
2025-07-16 20:45:00,21.4,84.8
2025-07-16 22:45:00,20.4,86.2
2025-07-17 00:45:00,20.1,87
2025-07-17 02:45:00,19.5,89.3
2025-07-17 04:45:00,18.8,89.4
2025-07-17 06:45:00,17.9,89.7
2025-07-17 08:45:00,17.4,88.5
2025-07-17 10:45:00,19.4,83.3
2025-07-17 12:45:00,20.8,77.7
2025-07-17 14:45:00,23.1,67.9
2025-07-17 16:45:00,23.9,71.2
2025-07-17 18:45:00,22.4,76.2
2025-07-17 20:45:00,21.6,82
2025-07-17 22:45:00,20.9,86.7
2025-07-18 00:45:00,18.2,67.4
2025-07-18 02:45:00,17.1,67.9
2025-07-18 04:45:00,15.8,73.4
2025-07-18 06:45:00,14.9,69.6
2025-07-18 08:45:00,17.3,59.6
2025-07-18 10:45:00,18.6,57.8
2025-07-18 12:45:00,19.3,58.2
2025-07-18 14:45:00,21.1,54.4
2025-07-18 16:45:00,21.1,55.4
2025-07-18 18:45:00,19.9,64.7
2025-07-18 20:45:00,18.2,67.9
2025-07-18 22:45:00,17.5,73.1
2025-07-19 00:45:00,16.6,75.2
2025-07-19 02:45:00,15.3,79.6
2025-07-19 04:45:00,14.4,81.6
2025-07-19 06:45:00,13.8,82.4
2025-07-19 08:45:00,16.4,75.8
2025-07-19 10:45:00,19.6,66.3
2025-07-19 12:45:00,20.9,60.7
2025-07-19 14:45:00,21.6,60.6
2025-07-19 16:45:00,21,70.9
2025-07-19 18:45:00,18.7,69
2025-07-19 20:45:00,19.4,65.5
2025-07-19 22:45:00,20.9,60
2025-07-20 00:45:00,22,63
2025-07-20 02:45:00,19.9,75.1
2025-07-20 04:45:00,17.7,80.6
2025-07-20 06:45:00,17.2,82
2025-07-20 08:45:00,18.4,79.9
2025-07-20 10:45:00,17.7,83
2025-07-20 12:45:00,17.1,85.4
2025-07-20 14:45:00,16.8,86.7
2025-07-20 16:45:00,17.9,81.4
2025-07-20 18:45:00,18,75.3
2025-07-20 20:45:00,19.2,71.1
2025-07-20 22:45:00,20.7,65
2025-07-21 00:45:00,21.2,68.1
2025-07-21 02:45:00,20.2,77.6
2025-07-21 04:45:00,18.9,81.3
2025-07-21 06:45:00,18.2,81.1
2025-07-21 08:45:00,17.4,82.6
2025-07-21 10:45:00,16.9,84.8
2025-07-21 12:45:00,16.9,86.9
2025-07-21 14:45:00,16.8,88.5
2025-07-21 16:45:00,17.6,82.2
2025-07-21 18:45:00,17.7,78.7
2025-07-21 20:45:00,18.3,75.7
2025-07-21 22:45:00,20.2,70.3
2025-07-22 00:45:00,20.6,70.4
2025-07-22 02:45:00,18.4,81.2
2025-07-22 04:45:00,17.7,81.1
2025-07-22 06:45:00,16.4,82.7
2025-07-22 08:45:00,15.4,83.8
2025-07-22 10:45:00,14.6,84.3
2025-07-22 12:45:00,14.5,85.7
2025-07-22 14:45:00,13.9,86.5
2025-07-22 16:45:00,15.9,83.7
2025-07-22 18:45:00,19.3,74
2025-07-22 20:45:00,21.6,68.4
2025-07-22 22:45:00,23.3,63.1
2025-07-23 00:45:00,22.4,73.2
2025-07-23 02:45:00,20.4,81.2
2025-07-23 04:45:00,19.7,82.4
2025-07-23 06:45:00,18.1,84.8
2025-07-23 08:45:00,17.1,86.4
2025-07-23 10:45:00,16.8,88.2
2025-07-23 12:45:00,16.7,89.4
2025-07-23 14:45:00,16.6,89.8
2025-07-23 16:45:00,18.9,84.3
2025-07-23 18:45:00,20.9,78.5
2025-07-23 20:45:00,20.8,78.6
2025-07-23 22:45:00,20.8,76.7
2025-07-24 00:45:00,19.4,78.9
2025-07-24 02:45:00,18.3,82.4
2025-07-24 04:45:00,17.9,83.7
2025-07-24 06:45:00,18.8,83.7
2025-07-24 08:45:00,18.2,84.2
2025-07-24 10:45:00,17.2,87.6
2025-07-24 12:45:00,16.7,89.4
2025-07-24 14:45:00,16.4,89
2025-07-24 16:45:00,17.3,86
2025-07-24 18:45:00,17.4,87.1
2025-07-24 20:45:00,17.7,84.2
2025-07-24 22:45:00,17.8,83.7
2025-07-25 00:45:00,16.7,87.4
2025-07-25 02:45:00,16,88.8
2025-07-25 04:45:00,15.9,89.4
2025-07-25 06:45:00,15.7,90.9
2025-07-25 08:45:00,15.6,91.4
2025-07-25 10:45:00,15.3,92.5
2025-07-25 12:45:00,15.2,93.5
2025-07-25 14:45:00,15.3,93.9
2025-07-25 16:45:00,16.5,93
2025-07-25 18:45:00,17.8,91.6
2025-07-25 20:45:00,18.5,91.5
2025-07-25 22:45:00,19.4,88.5
2025-07-26 00:45:00,18.2,94.4
2025-07-26 02:45:00,17.9,94.8
2025-07-26 04:45:00,17.7,95.2
2025-07-26 06:45:00,17.7,95.3
2025-07-26 08:45:00,17.6,95.6
2025-07-26 10:45:00,17.6,95.6
2025-07-26 12:45:00,17.5,95.7
2025-07-26 14:45:00,17.8,95.1
2025-07-26 16:45:00,20.5,84.9
2025-07-26 18:45:00,21.5,79.4
2025-07-26 20:45:00,22.4,77.6
2025-07-26 22:45:00,22.4,81.8
2025-07-27 00:45:00,20,90.5
2025-07-27 02:45:00,19.1,91.9
2025-07-27 04:45:00,18.7,92.9
2025-07-27 06:45:00,18.6,93.6
2025-07-27 08:45:00,18.5,94.5
2025-07-27 10:45:00,18.5,94.2
2025-07-27 12:45:00,18.4,95.3
2025-07-27 14:45:00,18.8,94.4
2025-07-27 16:45:00,20.1,89.7
2025-07-27 18:45:00,21.1,86.1
2025-07-27 20:45:00,20.3,88.9
2025-07-27 22:45:00,19.5,90.4
2025-07-28 00:45:00,19.2,91.8
2025-07-28 02:45:00,19.5,93
2025-07-28 04:45:00,19.7,92
2025-07-28 06:45:00,18.9,93.9
2025-07-28 08:45:00,18.3,93.9
2025-07-28 10:45:00,17.6,94.1
2025-07-28 12:45:00,17.4,93.8
2025-07-28 14:45:00,22.1,82.3
2025-07-28 16:45:00,23.1,70.6
2025-07-28 18:45:00,23.1,55.6
2025-07-28 20:45:00,22.1,55.5
2025-07-28 22:45:00,20,56.7
2025-07-29 00:45:00,19.1,57.5
2025-07-29 02:45:00,18.3,57.6
2025-07-29 04:45:00,17.3,65.3
2025-07-29 06:45:00,15.8,65.4
2025-07-29 08:45:00,14.9,72.2
2025-07-29 10:45:00,13.7,75.9
2025-07-29 12:45:00,15.8,64.6
2025-07-29 14:45:00,17.9,50
2025-07-29 16:45:00,18.6,49.1
2025-07-29 18:45:00,20.1,45.5
2025-07-29 20:45:00,20.1,42.3
2025-07-29 22:45:00,18.2,58.4
2025-07-30 00:45:00,17.3,64.4
2025-07-30 02:45:00,15.4,70.8
2025-07-30 04:45:00,13.5,73
2025-07-30 06:45:00,12.5,76.7
2025-07-30 08:45:00,11.5,77.8
2025-07-30 10:45:00,10.7,78.3
2025-07-30 12:45:00,15.2,67
2025-07-30 14:45:00,16.8,56.4
2025-07-30 16:45:00,19.1,46.9
2025-07-30 18:45:00,20.4,46.9
2025-07-30 20:45:00,20.4,46.9
2025-07-30 22:45:00,16.9,68.9
2025-07-31 00:45:00,15.2,76.1
2025-07-31 02:45:00,15.3,74.6
2025-07-31 04:45:00,13.5,77.9
2025-07-31 06:45:00,12.4,79.6
2025-07-31 08:45:00,11.5,80.8
2025-07-31 10:45:00,10.9,81.8
2025-07-31 12:45:00,16.3,68.9
2025-07-31 14:45:00,16.8,67.6
2025-07-31 16:45:00,20,61.4
2025-07-31 18:45:00,20.6,62.1
2025-07-31 20:45:00,20.6,62.9
2025-07-31 22:45:00,17.6,76.5
2025-08-01 00:45:00,17,78.9
2025-08-01 02:45:00,15.5,81.7
2025-08-01 04:45:00,14.7,84.4
2025-08-01 06:45:00,14.6,86
2025-08-01 08:45:00,14.3,87.1
2025-08-01 10:45:00,14.4,88
2025-08-01 12:45:00,17.3,82.7
2025-08-01 14:45:00,20.4,75.4
2025-08-01 16:45:00,21,69.7
2025-08-01 18:45:00,20.6,74.8
2025-08-01 20:45:00,20.6,78.5
2025-08-01 22:45:00,19.9,81.7
2025-08-02 00:45:00,19.8,80.5
2025-08-02 02:45:00,18.9,84.2
2025-08-02 04:45:00,18.2,88
2025-08-02 06:45:00,17.8,90.1
2025-08-02 08:45:00,17.7,89.8
2025-08-02 10:45:00,17.9,90.7
2025-08-02 12:45:00,21.2,81.7
2025-08-02 14:45:00,22.2,72.9
2025-08-02 16:45:00,23.6,67.4
2025-08-02 18:45:00,23.9,72.6
2025-08-02 20:45:00,21.7,80
2025-08-02 22:45:00,20.4,83.4
2025-08-03 00:45:00,19.5,87
2025-08-03 02:45:00,18.5,86.7
2025-08-03 04:45:00,17.6,87
2025-08-03 06:45:00,17.6,88.8
2025-08-03 08:45:00,17.4,90.4
2025-08-03 10:45:00,17.3,91.1
2025-08-03 12:45:00,19.7,85.6
2025-08-03 14:45:00,22,80.8
2025-08-03 16:45:00,22.5,81.6
2025-08-03 18:45:00,21.3,86.4
2025-08-03 20:45:00,21.4,87.8
2025-08-03 22:45:00,20.5,88.3
2025-08-04 00:45:00,20.2,88.9
2025-08-04 02:45:00,19.6,90.9
2025-08-04 04:45:00,19,91.8
2025-08-04 06:45:00,18.5,92.9
2025-08-04 08:45:00,18.3,92.8
2025-08-04 10:45:00,19.6,90.8
2025-08-04 12:45:00,20.7,88.7
2025-08-04 14:45:00,21.6,87.1
2025-08-04 16:45:00,21.9,87.2
2025-08-04 18:45:00,21.2,86.1
2025-08-04 20:45:00,20.1,91.5
2025-08-04 22:45:00,20.8,87.9
2025-08-05 00:45:00,20.5,87
2025-08-05 02:45:00,19.6,89.5
2025-08-05 04:45:00,18.6,87.1
2025-08-05 06:45:00,18.3,89.5
2025-08-05 08:45:00,18.7,88.3
2025-08-05 10:45:00,19.1,84.7
2025-08-05 12:45:00,19.9,80.4
2025-08-05 14:45:00,19.6,74.8
2025-08-05 16:45:00,19.2,78.9
2025-08-05 18:45:00,19.1,75.7
2025-08-05 20:45:00,18.3,82.8
2025-08-05 22:45:00,17.8,85.4
2025-08-06 00:45:00,17.4,84.6
2025-08-06 02:45:00,16.8,85.9
2025-08-06 04:45:00,16.5,87.6
2025-08-06 06:45:00,16.3,88.2
2025-08-06 08:45:00,16.3,89.1
2025-08-06 10:45:00,18.9,82.7
2025-08-06 12:45:00,19.9,79.6
2025-08-06 14:45:00,20.8,75.2
2025-08-06 16:45:00,19.9,77
2025-08-06 18:45:00,19.9,77.1
2025-08-06 20:45:00,19.4,81.5
2025-08-06 22:45:00,18.2,85.2
2025-08-07 00:45:00,17.4,87.3
2025-08-07 02:45:00,16.8,88.7
2025-08-07 04:45:00,16.7,89.7
2025-08-07 06:45:00,16.6,90.7
2025-08-07 08:45:00,17.8,88.3
2025-08-07 10:45:00,21.2,76
2025-08-07 12:45:00,21.4,72.6
2025-08-07 14:45:00,22.8,70.4
2025-08-07 16:45:00,22.6,70.6
2025-08-07 18:45:00,20.2,83.4
2025-08-07 20:45:00,19.9,83.1
2025-08-07 22:45:00,19.1,85.3
2025-08-08 00:45:00,18.7,87.6
2025-08-08 02:45:00,17.9,91.2
2025-08-08 04:45:00,17.9,91.9
2025-08-08 06:45:00,17.6,92.2
2025-08-08 08:45:00,18.7,89.2
2025-08-08 10:45:00,18.9,87.6
2025-08-08 12:45:00,18.8,84.9
2025-08-08 14:45:00,18.4,83.9
2025-08-08 16:45:00,18.8,83.9
2025-08-08 18:45:00,17.5,87.2
2025-08-08 20:45:00,17.2,84.2
2025-08-08 22:45:00,16.3,86.5
2025-08-09 00:45:00,15.4,84
2025-08-09 02:45:00,13.7,83.9
2025-08-09 04:45:00,12.5,84.1
2025-08-09 06:45:00,11.7,83.8
2025-08-09 08:45:00,14.1,74.3
2025-08-09 10:45:00,16,59.6
2025-08-09 12:45:00,17,59.1
2025-08-09 14:45:00,17.8,59.2
2025-08-09 16:45:00,18,60.5
2025-08-09 18:45:00,16.8,64.9
2025-08-09 20:45:00,16.1,64.7
2025-08-09 22:45:00,15.3,69.9
2025-08-10 00:45:00,15.3,71.4
2025-08-10 02:45:00,13.3,75.2
2025-08-10 04:45:00,12.4,74.8
2025-08-10 06:45:00,11.8,76.6
2025-08-10 08:45:00,14.8,66.5